date,ingredient,unit,consumed_qty
2025-09-01,Rice,g,24440.8
2025-09-01,Chicken,g,25115.8
2025-09-01,Spices,g,2591.7
2025-09-01,Oil,ml,8260.6
2025-09-01,Vegetables,g,12126.2
2025-09-01,Egg,g,2052.5
2025-09-01,Cheese,g,3262.8
2025-09-01,Flour,g,9686.1
2025-09-02,Rice,g,25748.3
2025-09-02,Chicken,g,25108.3
2025-09-02,Spices,g,2431.6
2025-09-02,Oil,ml,7061.3
2025-09-02,Vegetables,g,14149.2
2025-09-02,Egg,g,1974.7
2025-09-02,Cheese,g,4936.6
2025-09-02,Flour,g,13003.5
2025-09-03,Rice,g,25648.2
2025-09-03,Chicken,g,25295.4
2025-09-03,Spices,g,2519.8
2025-09-03,Oil,ml,7851.5
2025-09-03,Vegetables,g,15022.5
2025-09-03,Egg,g,2353.4
2025-09-03,Cheese,g,5230.3
2025-09-03,Flour,g,14043.6
2025-09-04,Rice,g,26222.1
2025-09-04,Chicken,g,32841.2
2025-09-04,Spices,g,2903.6
2025-09-04,Oil,ml,9371.9
2025-09-04,Vegetables,g,17193.9
2025-09-04,Egg,g,2109.3
2025-09-04,Cheese,g,7506.8
2025-09-04,Flour,g,19768.4
2025-09-05,Rice,g,40574.8
2025-09-05,Chicken,g,48284.5
2025-09-05,Spices,g,4407.3
2025-09-05,Oil,ml,14631.1
2025-09-05,Vegetables,g,26286.5
2025-09-05,Egg,g,3620.2
2025-09-05,Cheese,g,11397.9
2025-09-05,Flour,g,29034.9
2025-09-06,Rice,g,39329.4
2025-09-06,Chicken,g,41647.6
2025-09-06,Spices,g,3943.9
2025-09-06,Oil,ml,12078.0
2025-09-06,Vegetables,g,21386.7
2025-09-06,Egg,g,2562.7
2025-09-06,Cheese,g,8501.9
2025-09-06,Flour,g,21530.4
2025-09-07,Rice,g,38805.0
2025-09-07,Chicken,g,41977.0
2025-09-07,Spices,g,3892.2
2025-09-07,Oil,ml,11018.0
2025-09-07,Vegetables,g,21420.2
2025-09-07,Egg,g,2673.7
2025-09-07,Cheese,g,7853.3
2025-09-07,Flour,g,20904.2
2025-09-08,Rice,g,25768.5
2025-09-08,Chicken,g,24845.3
2025-09-08,Spices,g,2496.9
2025-09-08,Oil,ml,6900.7
2025-09-08,Vegetables,g,13273.4
2025-09-08,Egg,g,2069.3
2025-09-08,Cheese,g,3718.5
2025-09-08,Flour,g,9995.2
2025-09-09,Rice,g,21492.1
2025-09-09,Chicken,g,27127.2
2025-09-09,Spices,g,2493.9
2025-09-09,Oil,ml,8132.6
2025-09-09,Vegetables,g,11844.9
2025-09-09,Egg,g,1612.7
2025-09-09,Cheese,g,4457.4
2025-09-09,Flour,g,11814.0
2025-09-10,Rice,g,25254.3
2025-09-10,Chicken,g,29413.4
2025-09-10,Spices,g,2922.0
2025-09-10,Oil,ml,9195.2
2025-09-10,Vegetables,g,14021.1
2025-09-10,Egg,g,2035.9
2025-09-10,Cheese,g,4434.2
2025-09-10,Flour,g,13115.9
2025-09-11,Rice,g,32348.2
2025-09-11,Chicken,g,32229.0
2025-09-11,Spices,g,3276.3
2025-09-11,Oil,ml,9878.6
2025-09-11,Vegetables,g,16056.4
2025-09-11,Egg,g,2589.8
2025-09-11,Cheese,g,4477.6
2025-09-11,Flour,g,12791.9
2025-09-12,Rice,g,24952.0
2025-09-12,Chicken,g,32273.3
2025-09-12,Spices,g,2840.5
2025-09-12,Oil,ml,9776.1
2025-09-12,Vegetables,g,16471.7
2025-09-12,Egg,g,2498.7
2025-09-12,Cheese,g,6401.8
2025-09-12,Flour,g,17683.3
2025-09-13,Rice,g,40398.8
2025-09-13,Chicken,g,41981.4
2025-09-13,Spices,g,3881.3
2025-09-13,Oil,ml,11457.3
2025-09-13,Vegetables,g,22495.4
2025-09-13,Egg,g,2695.8
2025-09-13,Cheese,g,9076.7
2025-09-13,Flour,g,22573.2
2025-09-14,Rice,g,30965.1
2025-09-14,Chicken,g,38938.0
2025-09-14,Spices,g,3391.3
2025-09-14,Oil,ml,10949.3
2025-09-14,Vegetables,g,19379.0
2025-09-14,Egg,g,2435.5
2025-09-14,Cheese,g,8695.2
2025-09-14,Flour,g,20934.9
2025-09-15,Rice,g,23569.8
2025-09-15,Chicken,g,22803.4
2025-09-15,Spices,g,2268.7
2025-09-15,Oil,ml,6551.7
2025-09-15,Vegetables,g,12538.9
2025-09-15,Egg,g,2006.3
2025-09-15,Cheese,g,3928.8
2025-09-15,Flour,g,10657.4
2025-09-16,Rice,g,23998.8
2025-09-16,Chicken,g,27711.2
2025-09-16,Spices,g,2614.8
2025-09-16,Oil,ml,8713.4
2025-09-16,Vegetables,g,14543.2
2025-09-16,Egg,g,2369.5
2025-09-16,Cheese,g,5123.0
2025-09-16,Flour,g,14571.0
2025-09-17,Rice,g,26541.8
2025-09-17,Chicken,g,28511.0
2025-09-17,Spices,g,2830.6
2025-09-17,Oil,ml,8480.9
2025-09-17,Vegetables,g,14749.7
2025-09-17,Egg,g,2209.2
2025-09-17,Cheese,g,4893.3
2025-09-17,Flour,g,13486.8
2025-09-18,Rice,g,26200.2
2025-09-18,Chicken,g,25024.2
2025-09-18,Spices,g,2284.6
2025-09-18,Oil,ml,6496.5
2025-09-18,Vegetables,g,13504.5
2025-09-18,Egg,g,1918.0
2025-09-18,Cheese,g,4603.2
2025-09-18,Flour,g,12067.5
2025-09-19,Rice,g,31225.6
2025-09-19,Chicken,g,34118.7
2025-09-19,Spices,g,3392.2
2025-09-19,Oil,ml,10236.5
2025-09-19,Vegetables,g,17379.5
2025-09-19,Egg,g,2601.3
2025-09-19,Cheese,g,6492.2
2025-09-19,Flour,g,17018.4
2025-09-20,Rice,g,35750.9
2025-09-20,Chicken,g,40654.6
2025-09-20,Spices,g,3779.3
2025-09-20,Oil,ml,12080.3
2025-09-20,Vegetables,g,20173.4
2025-09-20,Egg,g,2969.9
2025-09-20,Cheese,g,6804.1
2025-09-20,Flour,g,19395.6
2025-09-21,Rice,g,37216.1
2025-09-21,Chicken,g,40457.8
2025-09-21,Spices,g,3703.1
2025-09-21,Oil,ml,11848.1
2025-09-21,Vegetables,g,20090.5
2025-09-21,Egg,g,3167.3
2025-09-21,Cheese,g,6490.5
2025-09-21,Flour,g,17912.7
2025-09-22,Rice,g,29834.1
2025-09-22,Chicken,g,28013.5
2025-09-22,Spices,g,2778.9
2025-09-22,Oil,ml,7882.4
2025-09-22,Vegetables,g,13709.6
2025-09-22,Egg,g,2383.7
2025-09-22,Cheese,g,3223.0
2025-09-22,Flour,g,9799.7
2025-09-23,Rice,g,22730.9
2025-09-23,Chicken,g,23131.7
2025-09-23,Spices,g,2306.4
2025-09-23,Oil,ml,7112.1
2025-09-23,Vegetables,g,11520.8
2025-09-23,Egg,g,2112.1
2025-09-23,Cheese,g,2600.9
2025-09-23,Flour,g,8437.6
2025-09-24,Rice,g,22676.8
2025-09-24,Chicken,g,21243.1
2025-09-24,Spices,g,2152.0
2025-09-24,Oil,ml,6735.5
2025-09-24,Vegetables,g,12685.5
2025-09-24,Egg,g,2489.7
2025-09-24,Cheese,g,3011.5
2025-09-24,Flour,g,9601.8
2025-09-25,Rice,g,32002.2
2025-09-25,Chicken,g,33000.6
2025-09-25,Spices,g,3112.3
2025-09-25,Oil,ml,8753.3
2025-09-25,Vegetables,g,14674.8
2025-09-25,Egg,g,1830.6
2025-09-25,Cheese,g,3979.6
2025-09-25,Flour,g,11574.3
2025-09-26,Rice,g,34176.3
2025-09-26,Chicken,g,42093.7
2025-09-26,Spices,g,3957.0
2025-09-26,Oil,ml,12483.5
2025-09-26,Vegetables,g,18653.8
2025-09-26,Egg,g,2382.9
2025-09-26,Cheese,g,6817.1
2025-09-26,Flour,g,19059.0
2025-09-27,Rice,g,33881.1
2025-09-27,Chicken,g,39017.6
2025-09-27,Spices,g,3589.8
2025-09-27,Oil,ml,11159.0
2025-09-27,Vegetables,g,19004.5
2025-09-27,Egg,g,2501.5
2025-09-27,Cheese,g,7885.2
2025-09-27,Flour,g,19858.2
2025-09-28,Rice,g,40965.0
2025-09-28,Chicken,g,40345.5
2025-09-28,Spices,g,4119.9
2025-09-28,Oil,ml,12029.8
2025-09-28,Vegetables,g,22486.1
2025-09-28,Egg,g,3289.0
2025-09-28,Cheese,g,7979.1
2025-09-28,Flour,g,19699.0
2025-09-29,Rice,g,24078.3
2025-09-29,Chicken,g,24108.0
2025-09-29,Spices,g,2511.7
2025-09-29,Oil,ml,7782.3
2025-09-29,Vegetables,g,12515.0
2025-09-29,Egg,g,2187.9
2025-09-29,Cheese,g,3542.3
2025-09-29,Flour,g,10611.9
2025-09-30,Rice,g,21380.2
2025-09-30,Chicken,g,25334.1
2025-09-30,Spices,g,2387.8
2025-09-30,Oil,ml,8138.9
2025-09-30,Vegetables,g,14376.4
2025-09-30,Egg,g,2208.3
2025-09-30,Cheese,g,5448.7
2025-09-30,Flour,g,15387.1
2025-10-01,Rice,g,24971.6
2025-10-01,Chicken,g,25442.0
2025-10-01,Spices,g,2552.7
2025-10-01,Oil,ml,8277.9
2025-10-01,Vegetables,g,14039.1
2025-10-01,Egg,g,2470.9
2025-10-01,Cheese,g,4150.4
2025-10-01,Flour,g,12328.1
2025-10-02,Rice,g,37147.9
2025-10-02,Chicken,g,36949.2
2025-10-02,Spices,g,3745.0
2025-10-02,Oil,ml,11660.6
2025-10-02,Vegetables,g,19475.6
2025-10-02,Egg,g,3489.0
2025-10-02,Cheese,g,5360.0
2025-10-02,Flour,g,15171.3
2025-10-03,Rice,g,19189.3
2025-10-03,Chicken,g,23313.4
2025-10-03,Spices,g,1975.1
2025-10-03,Oil,ml,6622.7
2025-10-03,Vegetables,g,13173.4
2025-10-03,Egg,g,1703.1
2025-10-03,Cheese,g,6191.1
2025-10-03,Flour,g,15974.5
2025-10-04,Rice,g,40218.2
2025-10-04,Chicken,g,45675.6
2025-10-04,Spices,g,4092.3
2025-10-04,Oil,ml,12930.9
2025-10-04,Vegetables,g,22418.9
2025-10-04,Egg,g,2751.6
2025-10-04,Cheese,g,9038.8
2025-10-04,Flour,g,22994.0
2025-10-05,Rice,g,38138.9
2025-10-05,Chicken,g,38771.8
2025-10-05,Spices,g,3797.2
2025-10-05,Oil,ml,11375.2
2025-10-05,Vegetables,g,20542.0
2025-10-05,Egg,g,3160.0
2025-10-05,Cheese,g,7556.5
2025-10-05,Flour,g,18548.8
2025-10-06,Rice,g,24490.8
2025-10-06,Chicken,g,22589.6
2025-10-06,Spices,g,2357.0
2025-10-06,Oil,ml,7421.4
2025-10-06,Vegetables,g,13987.0
2025-10-06,Egg,g,2597.1
2025-10-06,Cheese,g,4309.3
2025-10-06,Flour,g,11668.1
2025-10-07,Rice,g,25084.1
2025-10-07,Chicken,g,26131.4
2025-10-07,Spices,g,2630.0
2025-10-07,Oil,ml,8233.5
2025-10-07,Vegetables,g,13565.0
2025-10-07,Egg,g,2054.1
2025-10-07,Cheese,g,3835.3
2025-10-07,Flour,g,11995.3
2025-10-08,Rice,g,24321.2
2025-10-08,Chicken,g,23289.3
2025-10-08,Spices,g,2285.0
2025-10-08,Oil,ml,6706.9
2025-10-08,Vegetables,g,12761.5
2025-10-08,Egg,g,1840.2
2025-10-08,Cheese,g,4009.3
2025-10-08,Flour,g,11363.5
2025-10-09,Rice,g,24902.3
2025-10-09,Chicken,g,28613.8
2025-10-09,Spices,g,2521.4
2025-10-09,Oil,ml,7872.8
2025-10-09,Vegetables,g,14612.9
2025-10-09,Egg,g,1818.4
2025-10-09,Cheese,g,6066.2
2025-10-09,Flour,g,15306.2
2025-10-10,Rice,g,26570.5
2025-10-10,Chicken,g,30373.2
2025-10-10,Spices,g,2801.6
2025-10-10,Oil,ml,8999.8
2025-10-10,Vegetables,g,16023.5
2025-10-10,Egg,g,2371.6
2025-10-10,Cheese,g,5689.1
2025-10-10,Flour,g,15311.3
2025-10-11,Rice,g,30210.3
2025-10-11,Chicken,g,34932.0
2025-10-11,Spices,g,3218.6
2025-10-11,Oil,ml,9769.9
2025-10-11,Vegetables,g,17372.8
2025-10-11,Egg,g,2470.9
2025-10-11,Cheese,g,6243.9
2025-10-11,Flour,g,16961.7
2025-10-12,Rice,g,30356.2
2025-10-12,Chicken,g,32748.1
2025-10-12,Spices,g,2827.6
2025-10-12,Oil,ml,8343.2
2025-10-12,Vegetables,g,17105.7
2025-10-12,Egg,g,2212.1
2025-10-12,Cheese,g,6533.6
2025-10-12,Flour,g,16570.7
2025-10-13,Rice,g,25331.4
2025-10-13,Chicken,g,26863.0
2025-10-13,Spices,g,2636.7
2025-10-13,Oil,ml,8385.5
2025-10-13,Vegetables,g,13731.1
2025-10-13,Egg,g,2440.0
2025-10-13,Cheese,g,3898.6
2025-10-13,Flour,g,11536.9
2025-10-14,Rice,g,24778.8
2025-10-14,Chicken,g,25099.5
2025-10-14,Spices,g,2342.6
2025-10-14,Oil,ml,7096.8
2025-10-14,Vegetables,g,14586.8
2025-10-14,Egg,g,2301.1
2025-10-14,Cheese,g,4784.9
2025-10-14,Flour,g,12704.5
2025-10-15,Rice,g,21952.8
2025-10-15,Chicken,g,25690.5
2025-10-15,Spices,g,2478.0
2025-10-15,Oil,ml,8271.3
2025-10-15,Vegetables,g,12257.6
2025-10-15,Egg,g,1824.7
2025-10-15,Cheese,g,3680.5
2025-10-15,Flour,g,11442.2
2025-10-16,Rice,g,27406.6
2025-10-16,Chicken,g,30866.7
2025-10-16,Spices,g,2935.2
2025-10-16,Oil,ml,9122.3
2025-10-16,Vegetables,g,13804.4
2025-10-16,Egg,g,2212.1
2025-10-16,Cheese,g,4303.0
2025-10-16,Flour,g,11264.9
2025-10-17,Rice,g,34197.0
2025-10-17,Chicken,g,33989.6
2025-10-17,Spices,g,3008.0
2025-10-17,Oil,ml,8836.9
2025-10-17,Vegetables,g,18504.7
2025-10-17,Egg,g,2436.0
2025-10-17,Cheese,g,6392.3
2025-10-17,Flour,g,16559.2
2025-10-18,Rice,g,29781.2
2025-10-18,Chicken,g,35134.0
2025-10-18,Spices,g,3384.1
2025-10-18,Oil,ml,11278.8
2025-10-18,Vegetables,g,18686.3
2025-10-18,Egg,g,2929.5
2025-10-18,Cheese,g,7354.9
2025-10-18,Flour,g,19092.4
2025-10-19,Rice,g,40306.2
2025-10-19,Chicken,g,41827.5
2025-10-19,Spices,g,3836.4
2025-10-19,Oil,ml,11262.9
2025-10-19,Vegetables,g,21578.5
2025-10-19,Egg,g,2662.5
2025-10-19,Cheese,g,9129.1
2025-10-19,Flour,g,22705.9
2025-10-20,Rice,g,32081.8
2025-10-20,Chicken,g,30812.1
2025-10-20,Spices,g,3040.4
2025-10-20,Oil,ml,9737.5
2025-10-20,Vegetables,g,19194.1
2025-10-20,Egg,g,3283.6
2025-10-20,Cheese,g,6877.7
2025-10-20,Flour,g,18006.1
2025-10-21,Rice,g,28165.2
2025-10-21,Chicken,g,26242.1
2025-10-21,Spices,g,2747.0
2025-10-21,Oil,ml,7860.3
2025-10-21,Vegetables,g,14951.4
2025-10-21,Egg,g,2415.1
2025-10-21,Cheese,g,4389.9
2025-10-21,Flour,g,12132.2
2025-10-22,Rice,g,23619.3
2025-10-22,Chicken,g,24990.0
2025-10-22,Spices,g,2449.1
2025-10-22,Oil,ml,7989.1
2025-10-22,Vegetables,g,13120.7
2025-10-22,Egg,g,2294.4
2025-10-22,Cheese,g,4033.5
2025-10-22,Flour,g,11251.6
2025-10-23,Rice,g,26986.2
2025-10-23,Chicken,g,30262.5
2025-10-23,Spices,g,2740.2
2025-10-23,Oil,ml,8634.5
2025-10-23,Vegetables,g,15804.8
2025-10-23,Egg,g,2182.3
2025-10-23,Cheese,g,6126.1
2025-10-23,Flour,g,15566.2
2025-10-24,Rice,g,31222.3
2025-10-24,Chicken,g,38400.2
2025-10-24,Spices,g,3455.4
2025-10-24,Oil,ml,10834.9
2025-10-24,Vegetables,g,19415.2
2025-10-24,Egg,g,2374.1
2025-10-24,Cheese,g,7833.3
2025-10-24,Flour,g,20840.0
2025-10-25,Rice,g,34242.5
2025-10-25,Chicken,g,39620.4
2025-10-25,Spices,g,3637.4
2025-10-25,Oil,ml,11558.5
2025-10-25,Vegetables,g,19781.5
2025-10-25,Egg,g,2706.4
2025-10-25,Cheese,g,7222.1
2025-10-25,Flour,g,19439.3
2025-10-26,Rice,g,33149.7
2025-10-26,Chicken,g,37254.1
2025-10-26,Spices,g,3462.1
2025-10-26,Oil,ml,10607.9
2025-10-26,Vegetables,g,17828.8
2025-10-26,Egg,g,2351.9
2025-10-26,Cheese,g,6920.5
2025-10-26,Flour,g,18067.1
2025-10-27,Rice,g,25573.8
2025-10-27,Chicken,g,21540.8
2025-10-27,Spices,g,2194.6
2025-10-27,Oil,ml,6557.3
2025-10-27,Vegetables,g,13881.1
2025-10-27,Egg,g,2502.5
2025-10-27,Cheese,g,3764.1
2025-10-27,Flour,g,10250.2
2025-10-28,Rice,g,19004.3
2025-10-28,Chicken,g,19525.5
2025-10-28,Spices,g,1905.2
2025-10-28,Oil,ml,6135.0
2025-10-28,Vegetables,g,12187.6
2025-10-28,Egg,g,1916.6
2025-10-28,Cheese,g,4485.3
2025-10-28,Flour,g,12535.4
2025-10-29,Rice,g,26837.3
2025-10-29,Chicken,g,30419.4
2025-10-29,Spices,g,2800.7
2025-10-29,Oil,ml,8027.2
2025-10-29,Vegetables,g,13610.1
2025-10-29,Egg,g,1505.3
2025-10-29,Cheese,g,5380.6
2025-10-29,Flour,g,13702.0
2025-10-30,Rice,g,23122.5
2025-10-30,Chicken,g,29841.8
2025-10-30,Spices,g,2858.9
2025-10-30,Oil,ml,8676.2
2025-10-30,Vegetables,g,13298.5
2025-10-30,Egg,g,1424.0
2025-10-30,Cheese,g,4645.9
2025-10-30,Flour,g,13886.7
2025-10-31,Rice,g,35673.1
2025-10-31,Chicken,g,40233.1
2025-10-31,Spices,g,3848.5
2025-10-31,Oil,ml,11807.2
2025-10-31,Vegetables,g,19128.9
2025-10-31,Egg,g,2522.0
2025-10-31,Cheese,g,6993.5
2025-10-31,Flour,g,18524.1
2025-11-01,Rice,g,33659.9
2025-11-01,Chicken,g,37728.8
2025-11-01,Spices,g,3439.6
2025-11-01,Oil,ml,10569.4
2025-11-01,Vegetables,g,19018.7
2025-11-01,Egg,g,2312.6
2025-11-01,Cheese,g,8341.3
2025-11-01,Flour,g,20580.6
2025-11-02,Rice,g,34179.9
2025-11-02,Chicken,g,37703.4
2025-11-02,Spices,g,3443.5
2025-11-02,Oil,ml,10252.4
2025-11-02,Vegetables,g,19095.8
2025-11-02,Egg,g,2839.6
2025-11-02,Cheese,g,6718.7
2025-11-02,Flour,g,17533.0
2025-11-03,Rice,g,21592.9
2025-11-03,Chicken,g,23895.3
2025-11-03,Spices,g,2451.4
2025-11-03,Oil,ml,7558.5
2025-11-03,Vegetables,g,11857.2
2025-11-03,Egg,g,1758.8
2025-11-03,Cheese,g,3867.7
2025-11-03,Flour,g,11022.3
2025-11-04,Rice,g,22952.7
2025-11-04,Chicken,g,23059.1
2025-11-04,Spices,g,2218.1
2025-11-04,Oil,ml,6738.8
2025-11-04,Vegetables,g,12196.2
2025-11-04,Egg,g,1822.5
2025-11-04,Cheese,g,3888.9
2025-11-04,Flour,g,10960.0
2025-11-05,Rice,g,22594.9
2025-11-05,Chicken,g,24930.5
2025-11-05,Spices,g,2440.5
2025-11-05,Oil,ml,7804.7
2025-11-05,Vegetables,g,12856.5
2025-11-05,Egg,g,2234.6
2025-11-05,Cheese,g,3332.8
2025-11-05,Flour,g,11008.4
2025-11-06,Rice,g,23470.7
2025-11-06,Chicken,g,24714.6
2025-11-06,Spices,g,2370.2
2025-11-06,Oil,ml,7285.1
2025-11-06,Vegetables,g,13531.1
2025-11-06,Egg,g,1950.0
2025-11-06,Cheese,g,4313.1
2025-11-06,Flour,g,12610.7
2025-11-07,Rice,g,29763.2
2025-11-07,Chicken,g,36849.1
2025-11-07,Spices,g,3524.9
2025-11-07,Oil,ml,11486.5
2025-11-07,Vegetables,g,17376.6
2025-11-07,Egg,g,2304.0
2025-11-07,Cheese,g,7593.5
2025-11-07,Flour,g,18690.2
2025-11-08,Rice,g,33568.6
2025-11-08,Chicken,g,40662.9
2025-11-08,Spices,g,3845.3
2025-11-08,Oil,ml,12049.6
2025-11-08,Vegetables,g,18529.4
2025-11-08,Egg,g,2318.9
2025-11-08,Cheese,g,7637.6
2025-11-08,Flour,g,19594.9
2025-11-09,Rice,g,39596.1
2025-11-09,Chicken,g,38982.7
2025-11-09,Spices,g,3560.8
2025-11-09,Oil,ml,9771.0
2025-11-09,Vegetables,g,21657.7
2025-11-09,Egg,g,2884.4
2025-11-09,Cheese,g,8930.4
2025-11-09,Flour,g,21969.5
2025-11-10,Rice,g,24404.4
2025-11-10,Chicken,g,25069.8
2025-11-10,Spices,g,2374.3
2025-11-10,Oil,ml,7149.2
2025-11-10,Vegetables,g,13205.8
2025-11-10,Egg,g,1748.4
2025-11-10,Cheese,g,4769.2
2025-11-10,Flour,g,12346.4
2025-11-11,Rice,g,21468.9
2025-11-11,Chicken,g,22620.7
2025-11-11,Spices,g,2294.4
2025-11-11,Oil,ml,7056.2
2025-11-11,Vegetables,g,12956.0
2025-11-11,Egg,g,1982.0
2025-11-11,Cheese,g,4770.2
2025-11-11,Flour,g,12819.3
2025-11-12,Rice,g,21322.2
2025-11-12,Chicken,g,23038.6
2025-11-12,Spices,g,2290.4
2025-11-12,Oil,ml,7438.3
2025-11-12,Vegetables,g,11233.9
2025-11-12,Egg,g,1819.7
2025-11-12,Cheese,g,3504.8
2025-11-12,Flour,g,10119.6
2025-11-13,Rice,g,33681.9
2025-11-13,Chicken,g,35931.9
2025-11-13,Spices,g,3417.3
2025-11-13,Oil,ml,10277.3
2025-11-13,Vegetables,g,16514.9
2025-11-13,Egg,g,2035.5
2025-11-13,Cheese,g,5941.7
2025-11-13,Flour,g,14520.7
2025-11-14,Rice,g,33449.4
2025-11-14,Chicken,g,38744.9
2025-11-14,Spices,g,3644.2
2025-11-14,Oil,ml,10812.8
2025-11-14,Vegetables,g,16732.3
2025-11-14,Egg,g,2020.8
2025-11-14,Cheese,g,5075.7
2025-11-14,Flour,g,15057.3
2025-11-15,Rice,g,35057.1
2025-11-15,Chicken,g,38200.6
2025-11-15,Spices,g,3570.1
2025-11-15,Oil,ml,10827.8
2025-11-15,Vegetables,g,19254.5
2025-11-15,Egg,g,2789.5
2025-11-15,Cheese,g,6750.3
2025-11-15,Flour,g,18007.1
2025-11-16,Rice,g,34300.7
2025-11-16,Chicken,g,40751.8
2025-11-16,Spices,g,3727.9
2025-11-16,Oil,ml,11603.0
2025-11-16,Vegetables,g,19815.9
2025-11-16,Egg,g,2665.2
2025-11-16,Cheese,g,8044.4
2025-11-16,Flour,g,20432.6
2025-11-17,Rice,g,19111.7
2025-11-17,Chicken,g,22692.5
2025-11-17,Spices,g,2230.2
2025-11-17,Oil,ml,6828.6
2025-11-17,Vegetables,g,12071.4
2025-11-17,Egg,g,1580.2
2025-11-17,Cheese,g,4274.5
2025-11-17,Flour,g,13132.3
2025-11-18,Rice,g,21672.3
2025-11-18,Chicken,g,22400.1
2025-11-18,Spices,g,2228.4
2025-11-18,Oil,ml,6632.9
2025-11-18,Vegetables,g,11173.6
2025-11-18,Egg,g,1712.5
2025-11-18,Cheese,g,3735.4
2025-11-18,Flour,g,9386.1
2025-11-19,Rice,g,19651.1
2025-11-19,Chicken,g,24312.2
2025-11-19,Spices,g,2243.6
2025-11-19,Oil,ml,7492.1
2025-11-19,Vegetables,g,11645.6
2025-11-19,Egg,g,1846.5
2025-11-19,Cheese,g,3447.2
2025-11-19,Flour,g,10291.4
2025-11-20,Rice,g,26184.6
2025-11-20,Chicken,g,29725.2
2025-11-20,Spices,g,2815.8
2025-11-20,Oil,ml,8686.5
2025-11-20,Vegetables,g,14806.2
2025-11-20,Egg,g,2160.2
2025-11-20,Cheese,g,4584.8
2025-11-20,Flour,g,13046.3
2025-11-21,Rice,g,29847.2
2025-11-21,Chicken,g,32290.3
2025-11-21,Spices,g,2924.7
2025-11-21,Oil,ml,8801.7
2025-11-21,Vegetables,g,17413.0
2025-11-21,Egg,g,2310.8
2025-11-21,Cheese,g,6841.1
2025-11-21,Flour,g,17851.3
2025-11-22,Rice,g,32540.3
2025-11-22,Chicken,g,38876.3
2025-11-22,Spices,g,3482.2
2025-11-22,Oil,ml,11062.6
2025-11-22,Vegetables,g,18726.0
2025-11-22,Egg,g,2462.3
2025-11-22,Cheese,g,8078.7
2025-11-22,Flour,g,20123.4
2025-11-23,Rice,g,34536.7
2025-11-23,Chicken,g,36541.6
2025-11-23,Spices,g,3331.7
2025-11-23,Oil,ml,9856.1
2025-11-23,Vegetables,g,18778.3
2025-11-23,Egg,g,2614.2
2025-11-23,Cheese,g,6766.1
2025-11-23,Flour,g,17780.6
2025-11-24,Rice,g,18728.1
2025-11-24,Chicken,g,20964.3
2025-11-24,Spices,g,2111.2
2025-11-24,Oil,ml,6737.5
2025-11-24,Vegetables,g,11278.9
2025-11-24,Egg,g,1737.5
2025-11-24,Cheese,g,4267.3
2025-11-24,Flour,g,11189.4
2025-11-25,Rice,g,29785.6
2025-11-25,Chicken,g,28559.7
2025-11-25,Spices,g,2919.3
2025-11-25,Oil,ml,8608.1
2025-11-25,Vegetables,g,15244.4
2025-11-25,Egg,g,2539.1
2025-11-25,Cheese,g,4394.3
2025-11-25,Flour,g,12769.9
2025-11-26,Rice,g,25446.5
2025-11-26,Chicken,g,26715.5
2025-11-26,Spices,g,2577.0
2025-11-26,Oil,ml,8176.7
2025-11-26,Vegetables,g,15185.6
2025-11-26,Egg,g,2650.6
2025-11-26,Cheese,g,4821.3
2025-11-26,Flour,g,13149.7
2025-11-27,Rice,g,22931.0
2025-11-27,Chicken,g,21845.9
2025-11-27,Spices,g,2104.9
2025-11-27,Oil,ml,5913.5
2025-11-27,Vegetables,g,13928.6
2025-11-27,Egg,g,1957.4
2025-11-27,Cheese,g,5210.8
2025-11-27,Flour,g,13860.2
2025-11-28,Rice,g,29432.2
2025-11-28,Chicken,g,37209.8
2025-11-28,Spices,g,3167.5
2025-11-28,Oil,ml,10734.7
2025-11-28,Vegetables,g,17452.8
2025-11-28,Egg,g,2182.2
2025-11-28,Cheese,g,6638.9
2025-11-28,Flour,g,18847.1
2025-11-29,Rice,g,32183.2
2025-11-29,Chicken,g,41402.3
2025-11-29,Spices,g,3572.0
2025-11-29,Oil,ml,10786.2
2025-11-29,Vegetables,g,17543.7
2025-11-29,Egg,g,1902.5
2025-11-29,Cheese,g,6383.4
2025-11-29,Flour,g,17777.2
2025-11-30,Rice,g,36052.5
2025-11-30,Chicken,g,39367.0
2025-11-30,Spices,g,3677.3
2025-11-30,Oil,ml,11149.5
2025-11-30,Vegetables,g,18764.3
2025-11-30,Egg,g,2435.1
2025-11-30,Cheese,g,6964.9
2025-11-30,Flour,g,17290.6
2025-12-01,Rice,g,27606.2
2025-12-01,Chicken,g,26489.6
2025-12-01,Spices,g,2543.7
2025-12-01,Oil,ml,7229.5
2025-12-01,Vegetables,g,13401.3
2025-12-01,Egg,g,2248.8
2025-12-01,Cheese,g,3105.2
2025-12-01,Flour,g,9834.3
2025-12-02,Rice,g,24688.1
2025-12-02,Chicken,g,23265.0
2025-12-02,Spices,g,2385.3
2025-12-02,Oil,ml,7271.2
2025-12-02,Vegetables,g,14010.7
2025-12-02,Egg,g,2591.4
2025-12-02,Cheese,g,4330.0
2025-12-02,Flour,g,11610.2
2025-12-03,Rice,g,24809.3
2025-12-03,Chicken,g,21736.9
2025-12-03,Spices,g,2239.9
2025-12-03,Oil,ml,6242.6
2025-12-03,Vegetables,g,14595.8
2025-12-03,Egg,g,2402.6
2025-12-03,Cheese,g,4704.7
2025-12-03,Flour,g,12699.5
2025-12-04,Rice,g,26265.1
2025-12-04,Chicken,g,25779.6
2025-12-04,Spices,g,2672.9
2025-12-04,Oil,ml,8396.1
2025-12-04,Vegetables,g,15468.7
2025-12-04,Egg,g,2726.4
2025-12-04,Cheese,g,4157.9
2025-12-04,Flour,g,12511.6
2025-12-05,Rice,g,28120.3
2025-12-05,Chicken,g,31403.3
2025-12-05,Spices,g,2921.3
2025-12-05,Oil,ml,9499.6
2025-12-05,Vegetables,g,17389.0
2025-12-05,Egg,g,2696.8
2025-12-05,Cheese,g,6661.1
2025-12-05,Flour,g,17417.6
2025-12-06,Rice,g,31337.0
2025-12-06,Chicken,g,35690.0
2025-12-06,Spices,g,3203.2
2025-12-06,Oil,ml,10619.8
2025-12-06,Vegetables,g,18898.5
2025-12-06,Egg,g,2672.6
2025-12-06,Cheese,g,8031.8
2025-12-06,Flour,g,20300.7
2025-12-07,Rice,g,31326.1
2025-12-07,Chicken,g,36926.6
2025-12-07,Spices,g,3047.1
2025-12-07,Oil,ml,9472.2
2025-12-07,Vegetables,g,19998.3
2025-12-07,Egg,g,2190.1
2025-12-07,Cheese,g,9043.6
2025-12-07,Flour,g,22764.0
2025-12-08,Rice,g,22813.3
2025-12-08,Chicken,g,26973.4
2025-12-08,Spices,g,2529.2
2025-12-08,Oil,ml,7958.3
2025-12-08,Vegetables,g,12232.3
2025-12-08,Egg,g,1564.9
2025-12-08,Cheese,g,4432.7
2025-12-08,Flour,g,12296.9
2025-12-09,Rice,g,19373.8
2025-12-09,Chicken,g,22750.8
2025-12-09,Spices,g,2161.8
2025-12-09,Oil,ml,6985.1
2025-12-09,Vegetables,g,11362.2
2025-12-09,Egg,g,1655.2
2025-12-09,Cheese,g,4151.5
2025-12-09,Flour,g,11397.5
2025-12-10,Rice,g,23514.1
2025-12-10,Chicken,g,22723.3
2025-12-10,Spices,g,2373.0
2025-12-10,Oil,ml,7849.0
2025-12-10,Vegetables,g,13547.7
2025-12-10,Egg,g,2640.9
2025-12-10,Cheese,g,3716.2
2025-12-10,Flour,g,10655.1
2025-12-11,Rice,g,25368.6
2025-12-11,Chicken,g,27196.2
2025-12-11,Spices,g,2608.6
2025-12-11,Oil,ml,8093.3
2025-12-11,Vegetables,g,14458.3
2025-12-11,Egg,g,2386.9
2025-12-11,Cheese,g,4829.3
2025-12-11,Flour,g,12626.9
2025-12-12,Rice,g,30822.0
2025-12-12,Chicken,g,35833.8
2025-12-12,Spices,g,3322.1
2025-12-12,Oil,ml,10899.3
2025-12-12,Vegetables,g,18200.6
2025-12-12,Egg,g,2669.9
2025-12-12,Cheese,g,6348.7
2025-12-12,Flour,g,18066.4
2025-12-13,Rice,g,33956.7
2025-12-13,Chicken,g,38377.7
2025-12-13,Spices,g,3496.2
2025-12-13,Oil,ml,11002.6
2025-12-13,Vegetables,g,19588.6
2025-12-13,Egg,g,3016.5
2025-12-13,Cheese,g,7064.3
2025-12-13,Flour,g,19075.2
2025-12-14,Rice,g,33783.0
2025-12-14,Chicken,g,40030.4
2025-12-14,Spices,g,3571.2
2025-12-14,Oil,ml,11489.1
2025-12-14,Vegetables,g,19369.3
2025-12-14,Egg,g,2528.8
2025-12-14,Cheese,g,7526.7
2025-12-14,Flour,g,19476.5
2025-12-15,Rice,g,20348.8
2025-12-15,Chicken,g,22193.4
2025-12-15,Spices,g,2020.1
2025-12-15,Oil,ml,6734.3
2025-12-15,Vegetables,g,11620.8
2025-12-15,Egg,g,2116.0
2025-12-15,Cheese,g,3163.1
2025-12-15,Flour,g,9907.8
2025-12-16,Rice,g,26847.4
2025-12-16,Chicken,g,26588.1
2025-12-16,Spices,g,2561.7
2025-12-16,Oil,ml,7089.8
2025-12-16,Vegetables,g,13238.6
2025-12-16,Egg,g,1814.3
2025-12-16,Cheese,g,4285.0
2025-12-16,Flour,g,11226.1
2025-12-17,Rice,g,26554.6
2025-12-17,Chicken,g,28982.1
2025-12-17,Spices,g,2883.4
2025-12-17,Oil,ml,9058.9
2025-12-17,Vegetables,g,15062.9
2025-12-17,Egg,g,2279.1
2025-12-17,Cheese,g,5155.1
2025-12-17,Flour,g,13824.4
2025-12-18,Rice,g,23911.1
2025-12-18,Chicken,g,26026.3
2025-12-18,Spices,g,2444.7
2025-12-18,Oil,ml,8321.7
2025-12-18,Vegetables,g,14502.3
2025-12-18,Egg,g,2659.4
2025-12-18,Cheese,g,4355.2
2025-12-18,Flour,g,12801.0
2025-12-19,Rice,g,31295.7
2025-12-19,Chicken,g,35426.4
2025-12-19,Spices,g,3438.2
2025-12-19,Oil,ml,10737.2
2025-12-19,Vegetables,g,17198.8
2025-12-19,Egg,g,2236.6
2025-12-19,Cheese,g,6630.7
2025-12-19,Flour,g,17480.7
2025-12-20,Rice,g,33527.8
2025-12-20,Chicken,g,38569.0
2025-12-20,Spices,g,3476.9
2025-12-20,Oil,ml,10620.6
2025-12-20,Vegetables,g,20044.6
2025-12-20,Egg,g,2581.8
2025-12-20,Cheese,g,9131.7
2025-12-20,Flour,g,21240.9
2025-12-21,Rice,g,38428.5
2025-12-21,Chicken,g,38785.0
2025-12-21,Spices,g,3544.8
2025-12-21,Oil,ml,9900.6
2025-12-21,Vegetables,g,18510.4
2025-12-21,Egg,g,2379.1
2025-12-21,Cheese,g,6308.9
2025-12-21,Flour,g,16051.6
2025-12-22,Rice,g,23230.9
2025-12-22,Chicken,g,24850.8
2025-12-22,Spices,g,2447.6
2025-12-22,Oil,ml,7573.3
2025-12-22,Vegetables,g,13902.3
2025-12-22,Egg,g,1981.3
2025-12-22,Cheese,g,5193.0
2025-12-22,Flour,g,13997.9
2025-12-23,Rice,g,20899.0
2025-12-23,Chicken,g,27220.9
2025-12-23,Spices,g,2617.1
2025-12-23,Oil,ml,8295.5
2025-12-23,Vegetables,g,10846.7
2025-12-23,Egg,g,1361.5
2025-12-23,Cheese,g,3233.3
2025-12-23,Flour,g,10142.7
2025-12-24,Rice,g,28200.6
2025-12-24,Chicken,g,27558.7
2025-12-24,Spices,g,2968.4
2025-12-24,Oil,ml,9242.2
2025-12-24,Vegetables,g,14731.7
2025-12-24,Egg,g,2584.5
2025-12-24,Cheese,g,3563.8
2025-12-24,Flour,g,10935.6
2025-12-25,Rice,g,40252.1
2025-12-25,Chicken,g,40137.1
2025-12-25,Spices,g,3914.2
2025-12-25,Oil,ml,11110.8
2025-12-25,Vegetables,g,22423.9
2025-12-25,Egg,g,3246.3
2025-12-25,Cheese,g,7725.3
2025-12-25,Flour,g,20416.2
2025-12-26,Rice,g,30913.0
2025-12-26,Chicken,g,37372.9
2025-12-26,Spices,g,3383.2
2025-12-26,Oil,ml,11118.3
2025-12-26,Vegetables,g,16589.7
2025-12-26,Egg,g,2405.9
2025-12-26,Cheese,g,5162.2
2025-12-26,Flour,g,14913.4
2025-12-27,Rice,g,38497.7
2025-12-27,Chicken,g,39499.2
2025-12-27,Spices,g,3713.0
2025-12-27,Oil,ml,11289.7
2025-12-27,Vegetables,g,19900.7
2025-12-27,Egg,g,3004.1
2025-12-27,Cheese,g,6883.1
2025-12-27,Flour,g,17937.8
2025-12-28,Rice,g,35537.9
2025-12-28,Chicken,g,36705.1
2025-12-28,Spices,g,3567.2
2025-12-28,Oil,ml,10190.6
2025-12-28,Vegetables,g,18031.6
2025-12-28,Egg,g,2558.7
2025-12-28,Cheese,g,5711.2
2025-12-28,Flour,g,15282.4
2025-12-29,Rice,g,21574.1
2025-12-29,Chicken,g,21584.4
2025-12-29,Spices,g,2083.7
2025-12-29,Oil,ml,5840.5
2025-12-29,Vegetables,g,10857.2
2025-12-29,Egg,g,1454.9
2025-12-29,Cheese,g,3144.9
2025-12-29,Flour,g,9247.7
2025-12-30,Rice,g,17481.5
2025-12-30,Chicken,g,20262.7
2025-12-30,Spices,g,1843.6
2025-12-30,Oil,ml,6134.8
2025-12-30,Vegetables,g,11017.1
2025-12-30,Egg,g,1659.8
2025-12-30,Cheese,g,3364.3
2025-12-30,Flour,g,10633.6
2025-12-31,Rice,g,27492.8
2025-12-31,Chicken,g,27086.5
2025-12-31,Spices,g,2712.6
2025-12-31,Oil,ml,7879.0
2025-12-31,Vegetables,g,14843.3
2025-12-31,Egg,g,2270.6
2025-12-31,Cheese,g,5104.5
2025-12-31,Flour,g,13832.2
2026-01-01,Rice,g,35739.3
2026-01-01,Chicken,g,37134.0
2026-01-01,Spices,g,3642.9
2026-01-01,Oil,ml,11543.4
2026-01-01,Vegetables,g,19993.1
2026-01-01,Egg,g,2987.5
2026-01-01,Cheese,g,6958.7
2026-01-01,Flour,g,18443.3
2026-01-02,Rice,g,28780.3
2026-01-02,Chicken,g,38383.2
2026-01-02,Spices,g,3554.9
2026-01-02,Oil,ml,11987.8
2026-01-02,Vegetables,g,17797.9
2026-01-02,Egg,g,2265.6
2026-01-02,Cheese,g,7590.2
2026-01-02,Flour,g,19919.4
2026-01-03,Rice,g,30350.7
2026-01-03,Chicken,g,40170.4
2026-01-03,Spices,g,3632.4
2026-01-03,Oil,ml,12232.2
2026-01-03,Vegetables,g,18583.8
2026-01-03,Egg,g,2171.0
2026-01-03,Cheese,g,9314.9
2026-01-03,Flour,g,22117.8
2026-01-04,Rice,g,28932.4
2026-01-04,Chicken,g,34655.4
2026-01-04,Spices,g,3114.1
2026-01-04,Oil,ml,10104.4
2026-01-04,Vegetables,g,16368.1
2026-01-04,Egg,g,2283.9
2026-01-04,Cheese,g,6868.7
2026-01-04,Flour,g,17442.8
2026-01-05,Rice,g,22921.0
2026-01-05,Chicken,g,23519.1
2026-01-05,Spices,g,2364.1
2026-01-05,Oil,ml,7289.2
2026-01-05,Vegetables,g,12741.9
2026-01-05,Egg,g,2029.0
2026-01-05,Cheese,g,4237.0
2026-01-05,Flour,g,10910.4
2026-01-06,Rice,g,21794.2
2026-01-06,Chicken,g,23988.8
2026-01-06,Spices,g,2220.2
2026-01-06,Oil,ml,6695.8
2026-01-06,Vegetables,g,12420.1
2026-01-06,Egg,g,1562.0
2026-01-06,Cheese,g,4403.9
2026-01-06,Flour,g,12286.5
2026-01-07,Rice,g,26947.3
2026-01-07,Chicken,g,24026.4
2026-01-07,Spices,g,2492.4
2026-01-07,Oil,ml,7352.8
2026-01-07,Vegetables,g,15481.1
2026-01-07,Egg,g,2733.5
2026-01-07,Cheese,g,4910.8
2026-01-07,Flour,g,12591.2
2026-01-08,Rice,g,22200.6
2026-01-08,Chicken,g,26440.9
2026-01-08,Spices,g,2567.3
2026-01-08,Oil,ml,8585.8
2026-01-08,Vegetables,g,15064.4
2026-01-08,Egg,g,2309.0
2026-01-08,Cheese,g,6135.0
2026-01-08,Flour,g,16315.2
2026-01-09,Rice,g,33886.0
2026-01-09,Chicken,g,32702.2
2026-01-09,Spices,g,3214.8
2026-01-09,Oil,ml,9339.4
2026-01-09,Vegetables,g,20446.8
2026-01-09,Egg,g,3039.9
2026-01-09,Cheese,g,7951.0
2026-01-09,Flour,g,20212.4
2026-01-10,Rice,g,30986.9
2026-01-10,Chicken,g,37625.7
2026-01-10,Spices,g,3318.6
2026-01-10,Oil,ml,10366.1
2026-01-10,Vegetables,g,18968.8
2026-01-10,Egg,g,2124.4
2026-01-10,Cheese,g,8825.9
2026-01-10,Flour,g,21621.5
2026-01-11,Rice,g,39400.9
2026-01-11,Chicken,g,41368.5
2026-01-11,Spices,g,3805.9
2026-01-11,Oil,ml,10823.0
2026-01-11,Vegetables,g,22232.9
2026-01-11,Egg,g,3203.7
2026-01-11,Cheese,g,8047.7
2026-01-11,Flour,g,20731.9
2026-01-12,Rice,g,23414.2
2026-01-12,Chicken,g,21205.9
2026-01-12,Spices,g,2144.1
2026-01-12,Oil,ml,6323.8
2026-01-12,Vegetables,g,12833.4
2026-01-12,Egg,g,2072.3
2026-01-12,Cheese,g,4355.4
2026-01-12,Flour,g,11535.2
2026-01-13,Rice,g,27182.1
2026-01-13,Chicken,g,24245.4
2026-01-13,Spices,g,2567.7
2026-01-13,Oil,ml,7847.3
2026-01-13,Vegetables,g,14597.5
2026-01-13,Egg,g,2726.6
2026-01-13,Cheese,g,3649.6
2026-01-13,Flour,g,10387.7
2026-01-14,Rice,g,22618.1
2026-01-14,Chicken,g,24575.5
2026-01-14,Spices,g,2417.0
2026-01-14,Oil,ml,7268.8
2026-01-14,Vegetables,g,13253.8
2026-01-14,Egg,g,1854.7
2026-01-14,Cheese,g,4792.2
2026-01-14,Flour,g,13052.7
2026-01-15,Rice,g,23069.9
2026-01-15,Chicken,g,25003.2
2026-01-15,Spices,g,2381.2
2026-01-15,Oil,ml,7792.5
2026-01-15,Vegetables,g,13844.5
2026-01-15,Egg,g,2079.3
2026-01-15,Cheese,g,4695.7
2026-01-15,Flour,g,13136.9
2026-01-16,Rice,g,34027.3
2026-01-16,Chicken,g,39797.0
2026-01-16,Spices,g,3708.7
2026-01-16,Oil,ml,11450.4
2026-01-16,Vegetables,g,19328.3
2026-01-16,Egg,g,2567.8
2026-01-16,Cheese,g,7434.1
2026-01-16,Flour,g,19808.9
2026-01-17,Rice,g,34602.9
2026-01-17,Chicken,g,38674.4
2026-01-17,Spices,g,3621.3
2026-01-17,Oil,ml,11730.1
2026-01-17,Vegetables,g,20869.1
2026-01-17,Egg,g,3061.4
2026-01-17,Cheese,g,8326.1
2026-01-17,Flour,g,20916.7
2026-01-18,Rice,g,34107.5
2026-01-18,Chicken,g,37984.4
2026-01-18,Spices,g,3377.1
2026-01-18,Oil,ml,10138.7
2026-01-18,Vegetables,g,18533.0
2026-01-18,Egg,g,2108.7
2026-01-18,Cheese,g,7456.6
2026-01-18,Flour,g,18544.0
2026-01-19,Rice,g,25229.0
2026-01-19,Chicken,g,25563.2
2026-01-19,Spices,g,2648.2
2026-01-19,Oil,ml,8199.7
2026-01-19,Vegetables,g,13221.1
2026-01-19,Egg,g,2216.8
2026-01-19,Cheese,g,3648.6
2026-01-19,Flour,g,10632.0
2026-01-20,Rice,g,22573.1
2026-01-20,Chicken,g,25656.3
2026-01-20,Spices,g,2384.4
2026-01-20,Oil,ml,7487.5
2026-01-20,Vegetables,g,12297.5
2026-01-20,Egg,g,1862.8
2026-01-20,Cheese,g,4146.9
2026-01-20,Flour,g,11870.1
2026-01-21,Rice,g,26059.5
2026-01-21,Chicken,g,28739.5
2026-01-21,Spices,g,2661.9
2026-01-21,Oil,ml,8303.8
2026-01-21,Vegetables,g,14455.4
2026-01-21,Egg,g,2046.6
2026-01-21,Cheese,g,5400.6
2026-01-21,Flour,g,13876.2
2026-01-22,Rice,g,21398.3
2026-01-22,Chicken,g,22546.4
2026-01-22,Spices,g,2092.9
2026-01-22,Oil,ml,6321.8
2026-01-22,Vegetables,g,14520.2
2026-01-22,Egg,g,2037.0
2026-01-22,Cheese,g,4971.5
2026-01-22,Flour,g,15011.1
2026-01-23,Rice,g,31096.4
2026-01-23,Chicken,g,38176.5
2026-01-23,Spices,g,3429.8
2026-01-23,Oil,ml,10581.4
2026-01-23,Vegetables,g,17303.1
2026-01-23,Egg,g,2291.6
2026-01-23,Cheese,g,7129.1
2026-01-23,Flour,g,17194.4
2026-01-24,Rice,g,41756.4
2026-01-24,Chicken,g,46874.0
2026-01-24,Spices,g,4208.6
2026-01-24,Oil,ml,13154.5
2026-01-24,Vegetables,g,23001.6
2026-01-24,Egg,g,3415.6
2026-01-24,Cheese,g,7872.3
2026-01-24,Flour,g,21288.0
2026-01-25,Rice,g,35682.5
2026-01-25,Chicken,g,41726.1
2026-01-25,Spices,g,3783.7
2026-01-25,Oil,ml,11998.6
2026-01-25,Vegetables,g,21732.6
2026-01-25,Egg,g,2854.6
2026-01-25,Cheese,g,8394.0
2026-01-25,Flour,g,22863.9
2026-01-26,Rice,g,35090.9
2026-01-26,Chicken,g,30856.8
2026-01-26,Spices,g,3156.1
2026-01-26,Oil,ml,9305.5
2026-01-26,Vegetables,g,20094.9
2026-01-26,Egg,g,3700.7
2026-01-26,Cheese,g,6248.6
2026-01-26,Flour,g,16115.6
2026-01-27,Rice,g,23731.5
2026-01-27,Chicken,g,23895.7
2026-01-27,Spices,g,2404.1
2026-01-27,Oil,ml,7480.5
2026-01-27,Vegetables,g,13768.6
2026-01-27,Egg,g,2366.9
2026-01-27,Cheese,g,4123.8
2026-01-27,Flour,g,11646.8
2026-01-28,Rice,g,24561.9
2026-01-28,Chicken,g,22108.1
2026-01-28,Spices,g,2246.8
2026-01-28,Oil,ml,6551.0
2026-01-28,Vegetables,g,14459.7
2026-01-28,Egg,g,2371.9
2026-01-28,Cheese,g,4298.5
2026-01-28,Flour,g,12157.9
2026-01-29,Rice,g,25861.7
2026-01-29,Chicken,g,27794.5
2026-01-29,Spices,g,2664.0
2026-01-29,Oil,ml,7795.9
2026-01-29,Vegetables,g,14537.9
2026-01-29,Egg,g,2240.4
2026-01-29,Cheese,g,4139.3
2026-01-29,Flour,g,12942.1
2026-01-30,Rice,g,29715.8
2026-01-30,Chicken,g,30789.4
2026-01-30,Spices,g,3016.6
2026-01-30,Oil,ml,8842.7
2026-01-30,Vegetables,g,18087.3
2026-01-30,Egg,g,2489.6
2026-01-30,Cheese,g,7936.6
2026-01-30,Flour,g,19083.3
2026-01-31,Rice,g,31693.8
2026-01-31,Chicken,g,38914.2
2026-01-31,Spices,g,3682.5
2026-01-31,Oil,ml,12098.9
2026-01-31,Vegetables,g,18027.3
2026-01-31,Egg,g,2436.1
2026-01-31,Cheese,g,7296.9
2026-01-31,Flour,g,19124.1
2026-02-01,Rice,g,36395.0
2026-02-01,Chicken,g,38265.0
2026-02-01,Spices,g,3411.2
2026-02-01,Oil,ml,10013.2
2026-02-01,Vegetables,g,20993.6
2026-02-01,Egg,g,2634.8
2026-02-01,Cheese,g,8718.8
2026-02-01,Flour,g,21752.9
2026-02-02,Rice,g,25473.7
2026-02-02,Chicken,g,24560.0
2026-02-02,Spices,g,2541.5
2026-02-02,Oil,ml,7500.5
2026-02-02,Vegetables,g,13256.6
2026-02-02,Egg,g,2038.3
2026-02-02,Cheese,g,3781.1
2026-02-02,Flour,g,10980.0
2026-02-03,Rice,g,20555.9
2026-02-03,Chicken,g,24628.2
2026-02-03,Spices,g,2318.0
2026-02-03,Oil,ml,7435.8
2026-02-03,Vegetables,g,12540.1
2026-02-03,Egg,g,1649.0
2026-02-03,Cheese,g,5063.2
2026-02-03,Flour,g,13934.5
2026-02-04,Rice,g,22657.6
2026-02-04,Chicken,g,27977.1
2026-02-04,Spices,g,2790.6
2026-02-04,Oil,ml,9064.0
2026-02-04,Vegetables,g,12377.2
2026-02-04,Egg,g,1683.2
2026-02-04,Cheese,g,4108.3
2026-02-04,Flour,g,12081.9
2026-02-05,Rice,g,27185.1
2026-02-05,Chicken,g,31151.8
2026-02-05,Spices,g,3019.7
2026-02-05,Oil,ml,9496.7
2026-02-05,Vegetables,g,15985.1
2026-02-05,Egg,g,2358.6
2026-02-05,Cheese,g,6526.5
2026-02-05,Flour,g,15967.6
2026-02-06,Rice,g,33520.0
2026-02-06,Chicken,g,37420.2
2026-02-06,Spices,g,3576.9
2026-02-06,Oil,ml,11129.9
2026-02-06,Vegetables,g,18554.3
2026-02-06,Egg,g,2618.3
2026-02-06,Cheese,g,6814.4
2026-02-06,Flour,g,17949.2
2026-02-07,Rice,g,36577.2
2026-02-07,Chicken,g,40375.0
2026-02-07,Spices,g,3628.3
2026-02-07,Oil,ml,11484.5
2026-02-07,Vegetables,g,21265.9
2026-02-07,Egg,g,2922.6
2026-02-07,Cheese,g,8033.0
2026-02-07,Flour,g,20788.1
2026-02-08,Rice,g,32498.5
2026-02-08,Chicken,g,42891.2
2026-02-08,Spices,g,3935.7
2026-02-08,Oil,ml,12376.9
2026-02-08,Vegetables,g,17966.0
2026-02-08,Egg,g,2059.8
2026-02-08,Cheese,g,6843.2
2026-02-08,Flour,g,18581.6
2026-02-09,Rice,g,27682.7
2026-02-09,Chicken,g,26076.9
2026-02-09,Spices,g,2739.9
2026-02-09,Oil,ml,8138.0
2026-02-09,Vegetables,g,14459.5
2026-02-09,Egg,g,2540.4
2026-02-09,Cheese,g,3895.3
2026-02-09,Flour,g,11496.3
2026-02-10,Rice,g,25172.2
2026-02-10,Chicken,g,24283.7
2026-02-10,Spices,g,2513.2
2026-02-10,Oil,ml,7552.7
2026-02-10,Vegetables,g,13608.1
2026-02-10,Egg,g,2314.2
2026-02-10,Cheese,g,4199.8
2026-02-10,Flour,g,11604.1
2026-02-11,Rice,g,28240.9
2026-02-11,Chicken,g,30723.0
2026-02-11,Spices,g,2905.3
2026-02-11,Oil,ml,9525.3
2026-02-11,Vegetables,g,17448.2
2026-02-11,Egg,g,3082.1
2026-02-11,Cheese,g,6195.1
2026-02-11,Flour,g,16772.3
2026-02-12,Rice,g,35011.9
2026-02-12,Chicken,g,32328.8
2026-02-12,Spices,g,3263.6
2026-02-12,Oil,ml,8817.6
2026-02-12,Vegetables,g,16801.5
2026-02-12,Egg,g,2762.1
2026-02-12,Cheese,g,4568.5
2026-02-12,Flour,g,12641.4
2026-02-13,Rice,g,35587.5
2026-02-13,Chicken,g,37957.3
2026-02-13,Spices,g,3493.6
2026-02-13,Oil,ml,9643.2
2026-02-13,Vegetables,g,19362.6
2026-02-13,Egg,g,1967.6
2026-02-13,Cheese,g,7978.9
2026-02-13,Flour,g,20283.9
2026-02-14,Rice,g,37352.9
2026-02-14,Chicken,g,42701.7
2026-02-14,Spices,g,3896.2
2026-02-14,Oil,ml,11299.4
2026-02-14,Vegetables,g,21265.6
2026-02-14,Egg,g,2370.2
2026-02-14,Cheese,g,8609.6
2026-02-14,Flour,g,22237.9
2026-02-15,Rice,g,41620.6
2026-02-15,Chicken,g,42832.7
2026-02-15,Spices,g,4038.2
2026-02-15,Oil,ml,11681.1
2026-02-15,Vegetables,g,20717.7
2026-02-15,Egg,g,2758.0
2026-02-15,Cheese,g,6444.5
2026-02-15,Flour,g,17983.5
2026-02-16,Rice,g,27107.8
2026-02-16,Chicken,g,24679.1
2026-02-16,Spices,g,2582.6
2026-02-16,Oil,ml,7763.9
2026-02-16,Vegetables,g,13882.4
2026-02-16,Egg,g,2668.6
2026-02-16,Cheese,g,3342.5
2026-02-16,Flour,g,9768.4
2026-02-17,Rice,g,29649.5
2026-02-17,Chicken,g,27095.1
2026-02-17,Spices,g,2696.5
2026-02-17,Oil,ml,7867.0
2026-02-17,Vegetables,g,15329.7
2026-02-17,Egg,g,2638.8
2026-02-17,Cheese,g,4567.1
2026-02-17,Flour,g,11689.7
2026-02-18,Rice,g,27249.3
2026-02-18,Chicken,g,27947.0
2026-02-18,Spices,g,2803.0
2026-02-18,Oil,ml,8507.9
2026-02-18,Vegetables,g,14639.7
2026-02-18,Egg,g,2600.2
2026-02-18,Cheese,g,4369.6
2026-02-18,Flour,g,12103.8
2026-02-19,Rice,g,27258.7
2026-02-19,Chicken,g,26905.6
2026-02-19,Spices,g,2623.0
2026-02-19,Oil,ml,7880.0
2026-02-19,Vegetables,g,14692.6
2026-02-19,Egg,g,2383.2
2026-02-19,Cheese,g,4747.0
2026-02-19,Flour,g,12521.8
2026-02-20,Rice,g,37492.5
2026-02-20,Chicken,g,38573.2
2026-02-20,Spices,g,3738.1
2026-02-20,Oil,ml,11753.7
2026-02-20,Vegetables,g,20534.1
2026-02-20,Egg,g,3069.0
2026-02-20,Cheese,g,7550.8
2026-02-20,Flour,g,19619.4
2026-02-21,Rice,g,33413.5
2026-02-21,Chicken,g,37446.8
2026-02-21,Spices,g,3234.9
2026-02-21,Oil,ml,10368.2
2026-02-21,Vegetables,g,19876.1
2026-02-21,Egg,g,2941.2
2026-02-21,Cheese,g,7339.5
2026-02-21,Flour,g,19727.8
2026-02-22,Rice,g,32652.1
2026-02-22,Chicken,g,38955.5
2026-02-22,Spices,g,3562.5
2026-02-22,Oil,ml,11546.4
2026-02-22,Vegetables,g,19469.4
2026-02-22,Egg,g,2583.7
2026-02-22,Cheese,g,7562.7
2026-02-22,Flour,g,20102.7
2026-02-23,Rice,g,21681.1
2026-02-23,Chicken,g,24395.8
2026-02-23,Spices,g,2389.4
2026-02-23,Oil,ml,7847.9
2026-02-23,Vegetables,g,13748.3
2026-02-23,Egg,g,2068.7
2026-02-23,Cheese,g,5093.9
2026-02-23,Flour,g,14035.2
2026-02-24,Rice,g,26004.2
2026-02-24,Chicken,g,26131.2
2026-02-24,Spices,g,2579.7
2026-02-24,Oil,ml,7547.3
2026-02-24,Vegetables,g,14820.6
2026-02-24,Egg,g,2058.9
2026-02-24,Cheese,g,5858.7
2026-02-24,Flour,g,13976.4
2026-02-25,Rice,g,37342.7
2026-02-25,Chicken,g,36122.6
2026-02-25,Spices,g,3581.7
2026-02-25,Oil,ml,10489.0
2026-02-25,Vegetables,g,19078.9
2026-02-25,Egg,g,3338.6
2026-02-25,Cheese,g,4841.4
2026-02-25,Flour,g,14388.2
2026-02-26,Rice,g,32813.8
2026-02-26,Chicken,g,33309.0
2026-02-26,Spices,g,3404.4
2026-02-26,Oil,ml,9583.7
2026-02-26,Vegetables,g,16766.1
2026-02-26,Egg,g,2426.9
2026-02-26,Cheese,g,4781.3
2026-02-26,Flour,g,14232.9
2026-02-27,Rice,g,29840.4
2026-02-27,Chicken,g,33708.1
2026-02-27,Spices,g,3306.5
2026-02-27,Oil,ml,10653.5
2026-02-27,Vegetables,g,17533.1
2026-02-27,Egg,g,2617.5
2026-02-27,Cheese,g,6806.7
2026-02-27,Flour,g,17610.4
2026-02-28,Rice,g,39709.0
2026-02-28,Chicken,g,42783.5
2026-02-28,Spices,g,3901.5
2026-02-28,Oil,ml,11217.4
2026-02-28,Vegetables,g,23882.8
2026-02-28,Egg,g,2800.7
2026-02-28,Cheese,g,10239.3
2026-02-28,Flour,g,24785.2
2026-03-01,Rice,g,41911.1
2026-03-01,Chicken,g,46977.2
2026-03-01,Spices,g,4232.7
2026-03-01,Oil,ml,12260.4
2026-03-01,Vegetables,g,23808.3
2026-03-01,Egg,g,3065.3
2026-03-01,Cheese,g,9256.9
2026-03-01,Flour,g,24078.1
2026-03-02,Rice,g,28693.3
2026-03-02,Chicken,g,27469.2
2026-03-02,Spices,g,2959.0
2026-03-02,Oil,ml,9213.7
2026-03-02,Vegetables,g,15574.9
2026-03-02,Egg,g,3122.6
2026-03-02,Cheese,g,4136.3
2026-03-02,Flour,g,11746.2
2026-03-03,Rice,g,29567.1
2026-03-03,Chicken,g,33388.8
2026-03-03,Spices,g,3061.5
2026-03-03,Oil,ml,9407.0
2026-03-03,Vegetables,g,14660.6
2026-03-03,Egg,g,1937.1
2026-03-03,Cheese,g,4804.0
2026-03-03,Flour,g,13500.8
2026-03-04,Rice,g,28413.5
2026-03-04,Chicken,g,27330.9
2026-03-04,Spices,g,2646.1
2026-03-04,Oil,ml,7953.5
2026-03-04,Vegetables,g,15980.0
2026-03-04,Egg,g,2469.7
2026-03-04,Cheese,g,5167.4
2026-03-04,Flour,g,14247.8
2026-03-05,Rice,g,32108.9
2026-03-05,Chicken,g,34084.4
2026-03-05,Spices,g,3379.4
2026-03-05,Oil,ml,10147.2
2026-03-05,Vegetables,g,18006.1
2026-03-05,Egg,g,2733.8
2026-03-05,Cheese,g,6237.5
2026-03-05,Flour,g,16824.7
2026-03-06,Rice,g,40048.0
2026-03-06,Chicken,g,42788.0
2026-03-06,Spices,g,3871.5
2026-03-06,Oil,ml,11160.6
2026-03-06,Vegetables,g,20239.9
2026-03-06,Egg,g,2816.2
2026-03-06,Cheese,g,6409.6
2026-03-06,Flour,g,17343.3
2026-03-07,Rice,g,40092.7
2026-03-07,Chicken,g,44050.0
2026-03-07,Spices,g,4163.8
2026-03-07,Oil,ml,13082.1
2026-03-07,Vegetables,g,23046.4
2026-03-07,Egg,g,3026.9
2026-03-07,Cheese,g,9935.6
2026-03-07,Flour,g,24578.6
2026-03-08,Rice,g,41414.8
2026-03-08,Chicken,g,39985.8
2026-03-08,Spices,g,4024.7
2026-03-08,Oil,ml,11700.7
2026-03-08,Vegetables,g,22152.6
2026-03-08,Egg,g,3295.8
2026-03-08,Cheese,g,7873.0
2026-03-08,Flour,g,19629.9
2026-03-09,Rice,g,27868.8
2026-03-09,Chicken,g,29163.0
2026-03-09,Spices,g,2891.1
2026-03-09,Oil,ml,9292.3
2026-03-09,Vegetables,g,14719.3
2026-03-09,Egg,g,2810.0
2026-03-09,Cheese,g,3777.0
2026-03-09,Flour,g,11291.9
2026-03-10,Rice,g,30772.4
2026-03-10,Chicken,g,32074.7
2026-03-10,Spices,g,3111.5
2026-03-10,Oil,ml,9423.8
2026-03-10,Vegetables,g,16652.5
2026-03-10,Egg,g,2674.5
2026-03-10,Cheese,g,4958.7
2026-03-10,Flour,g,14715.9
2026-03-11,Rice,g,28488.4
2026-03-11,Chicken,g,33472.1
2026-03-11,Spices,g,3186.8
2026-03-11,Oil,ml,9792.3
2026-03-11,Vegetables,g,15747.4
2026-03-11,Egg,g,1931.2
2026-03-11,Cheese,g,6027.2
2026-03-11,Flour,g,15942.7
2026-03-12,Rice,g,33285.0
2026-03-12,Chicken,g,32865.6
2026-03-12,Spices,g,3240.4
2026-03-12,Oil,ml,9861.6
2026-03-12,Vegetables,g,16803.8
2026-03-12,Egg,g,2861.7
2026-03-12,Cheese,g,5027.4
2026-03-12,Flour,g,13596.7
2026-03-13,Rice,g,45750.4
2026-03-13,Chicken,g,37671.0
2026-03-13,Spices,g,3614.5
2026-03-13,Oil,ml,9668.8
2026-03-13,Vegetables,g,22962.4
2026-03-13,Egg,g,3703.6
2026-03-13,Cheese,g,6895.6
2026-03-13,Flour,g,17454.1
2026-03-14,Rice,g,38329.0
2026-03-14,Chicken,g,44328.7
2026-03-14,Spices,g,4134.6
2026-03-14,Oil,ml,12403.0
2026-03-14,Vegetables,g,21413.6
2026-03-14,Egg,g,2314.8
2026-03-14,Cheese,g,9062.4
2026-03-14,Flour,g,23108.8
2026-03-15,Rice,g,41704.4
2026-03-15,Chicken,g,42477.7
2026-03-15,Spices,g,4144.5
2026-03-15,Oil,ml,12918.3
2026-03-15,Vegetables,g,22946.4
2026-03-15,Egg,g,3486.0
2026-03-15,Cheese,g,7828.8
2026-03-15,Flour,g,19991.9
2026-03-16,Rice,g,25190.0
2026-03-16,Chicken,g,27767.9
2026-03-16,Spices,g,2715.1
2026-03-16,Oil,ml,8324.3
2026-03-16,Vegetables,g,13759.4
2026-03-16,Egg,g,1684.6
2026-03-16,Cheese,g,5043.8
2026-03-16,Flour,g,14039.1
2026-03-17,Rice,g,24776.1
2026-03-17,Chicken,g,27313.3
2026-03-17,Spices,g,2610.6
2026-03-17,Oil,ml,7976.5
2026-03-17,Vegetables,g,13290.9
2026-03-17,Egg,g,1621.2
2026-03-17,Cheese,g,4113.0
2026-03-17,Flour,g,12318.6
2026-03-18,Rice,g,25701.4
2026-03-18,Chicken,g,29579.9
2026-03-18,Spices,g,2764.4
2026-03-18,Oil,ml,8567.3
2026-03-18,Vegetables,g,15229.6
2026-03-18,Egg,g,2235.2
2026-03-18,Cheese,g,4923.8
2026-03-18,Flour,g,14639.4
2026-03-19,Rice,g,36074.0
2026-03-19,Chicken,g,32750.7
2026-03-19,Spices,g,3412.8
2026-03-19,Oil,ml,9636.7
2026-03-19,Vegetables,g,19756.4
2026-03-19,Egg,g,3140.7
2026-03-19,Cheese,g,6029.2
2026-03-19,Flour,g,16232.9
2026-03-20,Rice,g,49099.7
2026-03-20,Chicken,g,55239.3
2026-03-20,Spices,g,5196.8
2026-03-20,Oil,ml,15559.2
2026-03-20,Vegetables,g,26945.7
2026-03-20,Egg,g,3051.7
2026-03-20,Cheese,g,11983.8
2026-03-20,Flour,g,28312.2
2026-03-21,Rice,g,43794.1
2026-03-21,Chicken,g,44755.5
2026-03-21,Spices,g,4240.6
2026-03-21,Oil,ml,12563.1
2026-03-21,Vegetables,g,23428.9
2026-03-21,Egg,g,3510.7
2026-03-21,Cheese,g,8415.6
2026-03-21,Flour,g,21409.8
2026-03-22,Rice,g,37601.5
2026-03-22,Chicken,g,45444.9
2026-03-22,Spices,g,3893.2
2026-03-22,Oil,ml,11517.4
2026-03-22,Vegetables,g,21911.3
2026-03-22,Egg,g,2213.6
2026-03-22,Cheese,g,10342.3
2026-03-22,Flour,g,24927.2
2026-03-23,Rice,g,30973.6
2026-03-23,Chicken,g,28491.7
2026-03-23,Spices,g,2871.6
2026-03-23,Oil,ml,7411.5
2026-03-23,Vegetables,g,15836.9
2026-03-23,Egg,g,2191.3
2026-03-23,Cheese,g,4457.4
2026-03-23,Flour,g,12388.4
2026-03-24,Rice,g,29676.1
2026-03-24,Chicken,g,29688.2
2026-03-24,Spices,g,3017.8
2026-03-24,Oil,ml,8787.6
2026-03-24,Vegetables,g,16278.6
2026-03-24,Egg,g,2323.6
2026-03-24,Cheese,g,5031.3
2026-03-24,Flour,g,14570.0
2026-03-25,Rice,g,27321.6
2026-03-25,Chicken,g,25612.1
2026-03-25,Spices,g,2716.0
2026-03-25,Oil,ml,8248.9
2026-03-25,Vegetables,g,14222.4
2026-03-25,Egg,g,2272.0
2026-03-25,Cheese,g,4080.8
2026-03-25,Flour,g,12017.9
2026-03-26,Rice,g,30722.6
2026-03-26,Chicken,g,33939.3
2026-03-26,Spices,g,3410.7
2026-03-26,Oil,ml,10597.0
2026-03-26,Vegetables,g,17143.6
2026-03-26,Egg,g,2666.9
2026-03-26,Cheese,g,5312.3
2026-03-26,Flour,g,15602.9
2026-03-27,Rice,g,33522.6
2026-03-27,Chicken,g,38685.1
2026-03-27,Spices,g,3542.5
2026-03-27,Oil,ml,11512.3
2026-03-27,Vegetables,g,19838.5
2026-03-27,Egg,g,2885.1
2026-03-27,Cheese,g,7517.8
2026-03-27,Flour,g,20273.3
2026-03-28,Rice,g,43217.1
2026-03-28,Chicken,g,49057.7
2026-03-28,Spices,g,4283.7
2026-03-28,Oil,ml,13219.0
2026-03-28,Vegetables,g,23149.6
2026-03-28,Egg,g,3116.5
2026-03-28,Cheese,g,8046.6
2026-03-28,Flour,g,21469.4
2026-03-29,Rice,g,37836.5
2026-03-29,Chicken,g,41106.3
2026-03-29,Spices,g,3618.7
2026-03-29,Oil,ml,10774.7
2026-03-29,Vegetables,g,21772.1
2026-03-29,Egg,g,2690.4
2026-03-29,Cheese,g,8788.7
2026-03-29,Flour,g,22822.5
2026-03-30,Rice,g,24498.6
2026-03-30,Chicken,g,28749.4
2026-03-30,Spices,g,2942.8
2026-03-30,Oil,ml,9241.8
2026-03-30,Vegetables,g,14132.9
2026-03-30,Egg,g,2014.2
2026-03-30,Cheese,g,5221.5
2026-03-30,Flour,g,14264.3
2026-03-31,Rice,g,29762.3
2026-03-31,Chicken,g,28236.2
2026-03-31,Spices,g,2997.1
2026-03-31,Oil,ml,8570.4
2026-03-31,Vegetables,g,15334.5
2026-03-31,Egg,g,2599.2
2026-03-31,Cheese,g,3767.2
2026-03-31,Flour,g,11590.4
2026-04-01,Rice,g,26196.2
2026-04-01,Chicken,g,28973.3
2026-04-01,Spices,g,2793.7
2026-04-01,Oil,ml,8904.9
2026-04-01,Vegetables,g,16245.2
2026-04-01,Egg,g,2587.5
2026-04-01,Cheese,g,5959.9
2026-04-01,Flour,g,16146.7
2026-04-02,Rice,g,35520.3
2026-04-02,Chicken,g,36627.7
2026-04-02,Spices,g,3731.1
2026-04-02,Oil,ml,11725.5
2026-04-02,Vegetables,g,19731.0
2026-04-02,Egg,g,2955.1
2026-04-02,Cheese,g,7035.8
2026-04-02,Flour,g,18676.2
2026-04-03,Rice,g,42530.8
2026-04-03,Chicken,g,52780.2
2026-04-03,Spices,g,4723.2
2026-04-03,Oil,ml,14036.9
2026-04-03,Vegetables,g,22723.4
2026-04-03,Egg,g,2562.2
2026-04-03,Cheese,g,8304.5
2026-04-03,Flour,g,23154.2
2026-04-04,Rice,g,41959.4
2026-04-04,Chicken,g,51360.9
2026-04-04,Spices,g,4900.2
2026-04-04,Oil,ml,15110.4
2026-04-04,Vegetables,g,24708.4
2026-04-04,Egg,g,3418.5
2026-04-04,Cheese,g,9602.0
2026-04-04,Flour,g,25943.0
2026-04-05,Rice,g,36140.3
2026-04-05,Chicken,g,47331.4
2026-04-05,Spices,g,3948.4
2026-04-05,Oil,ml,12560.6
2026-04-05,Vegetables,g,21796.0
2026-04-05,Egg,g,2391.5
2026-04-05,Cheese,g,9964.2
2026-04-05,Flour,g,25296.2
2026-04-06,Rice,g,30032.3
2026-04-06,Chicken,g,29313.1
2026-04-06,Spices,g,3066.2
2026-04-06,Oil,ml,9380.6
2026-04-06,Vegetables,g,16123.6
2026-04-06,Egg,g,2664.8
2026-04-06,Cheese,g,4815.7
2026-04-06,Flour,g,13417.8
2026-04-07,Rice,g,33213.0
2026-04-07,Chicken,g,31095.5
2026-04-07,Spices,g,3212.0
2026-04-07,Oil,ml,9194.2
2026-04-07,Vegetables,g,16770.3
2026-04-07,Egg,g,2808.7
2026-04-07,Cheese,g,4514.7
2026-04-07,Flour,g,12714.1
2026-04-08,Rice,g,24612.6
2026-04-08,Chicken,g,26455.6
2026-04-08,Spices,g,2686.4
2026-04-08,Oil,ml,8680.9
2026-04-08,Vegetables,g,14201.9
2026-04-08,Egg,g,2422.3
2026-04-08,Cheese,g,4906.5
2026-04-08,Flour,g,12652.8
2026-04-09,Rice,g,30374.1
2026-04-09,Chicken,g,37285.5
2026-04-09,Spices,g,3570.7
2026-04-09,Oil,ml,11682.1
2026-04-09,Vegetables,g,17189.0
2026-04-09,Egg,g,2518.6
2026-04-09,Cheese,g,6055.9
2026-04-09,Flour,g,16933.1
2026-04-10,Rice,g,38772.0
2026-04-10,Chicken,g,41977.8
2026-04-10,Spices,g,3840.2
2026-04-10,Oil,ml,11476.3
2026-04-10,Vegetables,g,21527.9
2026-04-10,Egg,g,2524.5
2026-04-10,Cheese,g,9291.4
2026-04-10,Flour,g,21975.5
2026-04-11,Rice,g,48061.9
2026-04-11,Chicken,g,51458.8
2026-04-11,Spices,g,4613.9
2026-04-11,Oil,ml,13997.0
2026-04-11,Vegetables,g,28303.0
2026-04-11,Egg,g,3856.6
2026-04-11,Cheese,g,12139.5
2026-04-11,Flour,g,28960.0
2026-04-12,Rice,g,38939.2
2026-04-12,Chicken,g,44625.7
2026-04-12,Spices,g,4170.0
2026-04-12,Oil,ml,13344.5
2026-04-12,Vegetables,g,22429.1
2026-04-12,Egg,g,2948.3
2026-04-12,Cheese,g,8289.9
2026-04-12,Flour,g,22029.9
2026-04-13,Rice,g,34413.5
2026-04-13,Chicken,g,34604.7
2026-04-13,Spices,g,3353.6
2026-04-13,Oil,ml,10148.1
2026-04-13,Vegetables,g,18340.3
2026-04-13,Egg,g,2832.6
2026-04-13,Cheese,g,5396.6
2026-04-13,Flour,g,15116.0
2026-04-14,Rice,g,33384.7
2026-04-14,Chicken,g,34358.9
2026-04-14,Spices,g,3485.5
2026-04-14,Oil,ml,10751.1
2026-04-14,Vegetables,g,19820.4
2026-04-14,Egg,g,3163.3
2026-04-14,Cheese,g,7152.4
2026-04-14,Flour,g,19318.4
2026-04-15,Rice,g,27684.1
2026-04-15,Chicken,g,30940.7
2026-04-15,Spices,g,2876.3
2026-04-15,Oil,ml,9267.1
2026-04-15,Vegetables,g,15988.1
2026-04-15,Egg,g,2605.1
2026-04-15,Cheese,g,5116.0
2026-04-15,Flour,g,14890.5
2026-04-16,Rice,g,33478.1
2026-04-16,Chicken,g,38079.7
2026-04-16,Spices,g,3565.6
2026-04-16,Oil,ml,10989.2
2026-04-16,Vegetables,g,18287.3
2026-04-16,Egg,g,2695.2
2026-04-16,Cheese,g,6292.9
2026-04-16,Flour,g,17379.4
2026-04-17,Rice,g,34894.3
2026-04-17,Chicken,g,36469.0
2026-04-17,Spices,g,3392.5
2026-04-17,Oil,ml,10164.7
2026-04-17,Vegetables,g,20734.3
2026-04-17,Egg,g,2828.2
2026-04-17,Cheese,g,8192.7
2026-04-17,Flour,g,21306.5
2026-04-18,Rice,g,38420.4
2026-04-18,Chicken,g,45307.0
2026-04-18,Spices,g,4111.6
2026-04-18,Oil,ml,12909.3
2026-04-18,Vegetables,g,22556.6
2026-04-18,Egg,g,2626.3
2026-04-18,Cheese,g,9900.6
2026-04-18,Flour,g,25318.5
2026-04-19,Rice,g,36923.7
2026-04-19,Chicken,g,39292.4
2026-04-19,Spices,g,3739.2
2026-04-19,Oil,ml,11560.9
2026-04-19,Vegetables,g,21149.2
2026-04-19,Egg,g,3040.8
2026-04-19,Cheese,g,8010.8
2026-04-19,Flour,g,20479.1
2026-04-20,Rice,g,29712.7
2026-04-20,Chicken,g,28644.7
2026-04-20,Spices,g,2996.6
2026-04-20,Oil,ml,8902.7
2026-04-20,Vegetables,g,16516.3
2026-04-20,Egg,g,2506.3
2026-04-20,Cheese,g,5519.8
2026-04-20,Flour,g,14572.5
2026-04-21,Rice,g,30224.9
2026-04-21,Chicken,g,30882.0
2026-04-21,Spices,g,3101.3
2026-04-21,Oil,ml,9270.3
2026-04-21,Vegetables,g,14660.1
2026-04-21,Egg,g,2591.7
2026-04-21,Cheese,g,3539.1
2026-04-21,Flour,g,10638.1
2026-04-22,Rice,g,32806.5
2026-04-22,Chicken,g,30131.2
2026-04-22,Spices,g,3087.8
2026-04-22,Oil,ml,9438.7
2026-04-22,Vegetables,g,17787.1
2026-04-22,Egg,g,3200.6
2026-04-22,Cheese,g,5047.2
2026-04-22,Flour,g,13767.1
2026-04-23,Rice,g,33340.4
2026-04-23,Chicken,g,34901.8
2026-04-23,Spices,g,3527.2
2026-04-23,Oil,ml,10841.6
2026-04-23,Vegetables,g,18926.4
2026-04-23,Egg,g,2997.2
2026-04-23,Cheese,g,5816.3
2026-04-23,Flour,g,16944.9
2026-04-24,Rice,g,40650.1
2026-04-24,Chicken,g,40823.8
2026-04-24,Spices,g,4050.6
2026-04-24,Oil,ml,12741.3
2026-04-24,Vegetables,g,23022.2
2026-04-24,Egg,g,3636.9
2026-04-24,Cheese,g,7859.7
2026-04-24,Flour,g,20236.1
2026-04-25,Rice,g,42847.5
2026-04-25,Chicken,g,45077.1
2026-04-25,Spices,g,4333.7
2026-04-25,Oil,ml,12962.2
2026-04-25,Vegetables,g,23143.7
2026-04-25,Egg,g,2784.6
2026-04-25,Cheese,g,9488.4
2026-04-25,Flour,g,24074.9
2026-04-26,Rice,g,40742.7
2026-04-26,Chicken,g,46828.4
2026-04-26,Spices,g,4247.2
2026-04-26,Oil,ml,12756.4
2026-04-26,Vegetables,g,22032.3
2026-04-26,Egg,g,2837.9
2026-04-26,Cheese,g,8408.9
2026-04-26,Flour,g,22074.8
2026-04-27,Rice,g,31354.2
2026-04-27,Chicken,g,30752.1
2026-04-27,Spices,g,3078.3
2026-04-27,Oil,ml,9721.9
2026-04-27,Vegetables,g,18623.5
2026-04-27,Egg,g,3249.0
2026-04-27,Cheese,g,5738.0
2026-04-27,Flour,g,16090.3
2026-04-28,Rice,g,24520.9
2026-04-28,Chicken,g,26184.1
2026-04-28,Spices,g,2678.2
2026-04-28,Oil,ml,8061.1
2026-04-28,Vegetables,g,14555.7
2026-04-28,Egg,g,1900.4
2026-04-28,Cheese,g,5300.4
2026-04-28,Flour,g,15600.9
2026-04-29,Rice,g,30758.3
2026-04-29,Chicken,g,33077.4
2026-04-29,Spices,g,3238.4
2026-04-29,Oil,ml,10041.4
2026-04-29,Vegetables,g,15967.3
2026-04-29,Egg,g,2757.5
2026-04-29,Cheese,g,4807.8
2026-04-29,Flour,g,12677.9
2026-04-30,Rice,g,40302.0
2026-04-30,Chicken,g,39441.5
2026-04-30,Spices,g,3856.9
2026-04-30,Oil,ml,11402.5
2026-04-30,Vegetables,g,21646.3
2026-04-30,Egg,g,3647.4
2026-04-30,Cheese,g,5808.1
2026-04-30,Flour,g,17023.8
2026-05-01,Rice,g,56337.9
2026-05-01,Chicken,g,67358.3
2026-05-01,Spices,g,6104.5
2026-05-01,Oil,ml,19555.9
2026-05-01,Vegetables,g,30888.3
2026-05-01,Egg,g,3663.4
2026-05-01,Cheese,g,12617.2
2026-05-01,Flour,g,32034.5
2026-05-02,Rice,g,49833.0
2026-05-02,Chicken,g,56383.4
2026-05-02,Spices,g,5084.1
2026-05-02,Oil,ml,15467.4
2026-05-02,Vegetables,g,26461.5
2026-05-02,Egg,g,3494.0
2026-05-02,Cheese,g,8572.7
2026-05-02,Flour,g,23348.2
2026-05-03,Rice,g,41624.1
2026-05-03,Chicken,g,44430.9
2026-05-03,Spices,g,4224.8
2026-05-03,Oil,ml,12509.5
2026-05-03,Vegetables,g,25159.0
2026-05-03,Egg,g,3339.3
2026-05-03,Cheese,g,9972.6
2026-05-03,Flour,g,25477.5
2026-05-04,Rice,g,29348.1
2026-05-04,Chicken,g,28642.7
2026-05-04,Spices,g,3076.4
2026-05-04,Oil,ml,9378.8
2026-05-04,Vegetables,g,16526.2
2026-05-04,Egg,g,3019.0
2026-05-04,Cheese,g,4338.8
2026-05-04,Flour,g,13738.6
2026-05-05,Rice,g,24925.0
2026-05-05,Chicken,g,30602.2
2026-05-05,Spices,g,2885.4
2026-05-05,Oil,ml,9134.2
2026-05-05,Vegetables,g,15052.2
2026-05-05,Egg,g,1875.2
2026-05-05,Cheese,g,5829.6
2026-05-05,Flour,g,15994.6
2026-05-06,Rice,g,30303.2
2026-05-06,Chicken,g,35108.5
2026-05-06,Spices,g,3202.1
2026-05-06,Oil,ml,10330.2
2026-05-06,Vegetables,g,16701.9
2026-05-06,Egg,g,2266.7
2026-05-06,Cheese,g,5954.1
2026-05-06,Flour,g,16167.3
2026-05-07,Rice,g,33242.9
2026-05-07,Chicken,g,35010.9
2026-05-07,Spices,g,3480.6
2026-05-07,Oil,ml,10331.3
2026-05-07,Vegetables,g,18210.0
2026-05-07,Egg,g,2639.4
2026-05-07,Cheese,g,6306.7
2026-05-07,Flour,g,16838.3
2026-05-08,Rice,g,41646.3
2026-05-08,Chicken,g,45631.2
2026-05-08,Spices,g,4276.8
2026-05-08,Oil,ml,14013.0
2026-05-08,Vegetables,g,25489.0
2026-05-08,Egg,g,3976.5
2026-05-08,Cheese,g,10299.9
2026-05-08,Flour,g,25830.6
2026-05-09,Rice,g,42681.1
2026-05-09,Chicken,g,53649.3
2026-05-09,Spices,g,4838.4
2026-05-09,Oil,ml,15286.7
2026-05-09,Vegetables,g,25555.6
2026-05-09,Egg,g,3275.2
2026-05-09,Cheese,g,10837.2
2026-05-09,Flour,g,28177.2
2026-05-10,Rice,g,42279.2
2026-05-10,Chicken,g,44130.8
2026-05-10,Spices,g,4224.2
2026-05-10,Oil,ml,12404.8
2026-05-10,Vegetables,g,23779.6
2026-05-10,Egg,g,3315.0
2026-05-10,Cheese,g,9134.6
2026-05-10,Flour,g,22645.9
2026-05-11,Rice,g,31474.0
2026-05-11,Chicken,g,30987.0
2026-05-11,Spices,g,3170.3
2026-05-11,Oil,ml,8948.6
2026-05-11,Vegetables,g,16677.3
2026-05-11,Egg,g,2270.0
2026-05-11,Cheese,g,5809.7
2026-05-11,Flour,g,15416.1
2026-05-12,Rice,g,33811.1
2026-05-12,Chicken,g,30855.2
2026-05-12,Spices,g,3226.2
2026-05-12,Oil,ml,10184.2
2026-05-12,Vegetables,g,19008.4
2026-05-12,Egg,g,3517.4
2026-05-12,Cheese,g,5801.8
2026-05-12,Flour,g,15874.7
2026-05-13,Rice,g,32933.5
2026-05-13,Chicken,g,32843.7
2026-05-13,Spices,g,3335.6
2026-05-13,Oil,ml,10397.1
2026-05-13,Vegetables,g,18039.2
2026-05-13,Egg,g,3170.8
2026-05-13,Cheese,g,4780.5
2026-05-13,Flour,g,15088.0
2026-05-14,Rice,g,39016.6
2026-05-14,Chicken,g,38935.4
2026-05-14,Spices,g,3679.0
2026-05-14,Oil,ml,10200.5
2026-05-14,Vegetables,g,20128.5
2026-05-14,Egg,g,2676.8
2026-05-14,Cheese,g,6430.2
2026-05-14,Flour,g,18000.4
2026-05-15,Rice,g,45750.9
2026-05-15,Chicken,g,46004.7
2026-05-15,Spices,g,4579.6
2026-05-15,Oil,ml,13803.9
2026-05-15,Vegetables,g,24921.5
2026-05-15,Egg,g,3873.5
2026-05-15,Cheese,g,9492.3
2026-05-15,Flour,g,23062.5
2026-05-16,Rice,g,39710.5
2026-05-16,Chicken,g,44485.9
2026-05-16,Spices,g,4082.1
2026-05-16,Oil,ml,13018.6
2026-05-16,Vegetables,g,24433.6
2026-05-16,Egg,g,3418.6
2026-05-16,Cheese,g,9541.4
2026-05-16,Flour,g,25567.0
2026-05-17,Rice,g,44307.0
2026-05-17,Chicken,g,47723.3
2026-05-17,Spices,g,4179.2
2026-05-17,Oil,ml,13219.8
2026-05-17,Vegetables,g,26985.9
2026-05-17,Egg,g,4093.1
2026-05-17,Cheese,g,10356.3
2026-05-17,Flour,g,25573.0
2026-05-18,Rice,g,29627.9
2026-05-18,Chicken,g,29573.9
2026-05-18,Spices,g,2975.9
2026-05-18,Oil,ml,9424.5
2026-05-18,Vegetables,g,16533.9
2026-05-18,Egg,g,3260.2
2026-05-18,Cheese,g,4715.7
2026-05-18,Flour,g,13408.5
2026-05-19,Rice,g,36837.0
2026-05-19,Chicken,g,32749.0
2026-05-19,Spices,g,3429.1
2026-05-19,Oil,ml,9990.9
2026-05-19,Vegetables,g,18747.5
2026-05-19,Egg,g,3548.2
2026-05-19,Cheese,g,4653.1
2026-05-19,Flour,g,12443.8
2026-05-20,Rice,g,29722.7
2026-05-20,Chicken,g,33250.4
2026-05-20,Spices,g,3170.9
2026-05-20,Oil,ml,10072.5
2026-05-20,Vegetables,g,16878.3
2026-05-20,Egg,g,2286.4
2026-05-20,Cheese,g,5656.7
2026-05-20,Flour,g,16249.9
2026-05-21,Rice,g,39800.7
2026-05-21,Chicken,g,45330.0
2026-05-21,Spices,g,4329.5
2026-05-21,Oil,ml,12672.5
2026-05-21,Vegetables,g,20326.7
2026-05-21,Egg,g,2228.0
2026-05-21,Cheese,g,6651.2
2026-05-21,Flour,g,19072.5
2026-05-22,Rice,g,31397.6
2026-05-22,Chicken,g,41637.0
2026-05-22,Spices,g,3671.3
2026-05-22,Oil,ml,12191.5
2026-05-22,Vegetables,g,18654.9
2026-05-22,Egg,g,2316.2
2026-05-22,Cheese,g,8066.0
2026-05-22,Flour,g,20902.5
2026-05-23,Rice,g,51052.6
2026-05-23,Chicken,g,59548.8
2026-05-23,Spices,g,5303.6
2026-05-23,Oil,ml,16099.0
2026-05-23,Vegetables,g,28925.0
2026-05-23,Egg,g,3335.5
2026-05-23,Cheese,g,12754.1
2026-05-23,Flour,g,30339.4
2026-05-24,Rice,g,42603.7
2026-05-24,Chicken,g,55282.5
2026-05-24,Spices,g,4757.4
2026-05-24,Oil,ml,15276.5
2026-05-24,Vegetables,g,23322.7
2026-05-24,Egg,g,2868.4
2026-05-24,Cheese,g,8306.0
2026-05-24,Flour,g,24231.2
2026-05-25,Rice,g,28000.0
2026-05-25,Chicken,g,31088.8
2026-05-25,Spices,g,3233.9
2026-05-25,Oil,ml,10274.1
2026-05-25,Vegetables,g,16212.7
2026-05-25,Egg,g,2830.5
2026-05-25,Cheese,g,5686.7
2026-05-25,Flour,g,14869.1
2026-05-26,Rice,g,30360.6
2026-05-26,Chicken,g,28427.3
2026-05-26,Spices,g,2985.9
2026-05-26,Oil,ml,9308.4
2026-05-26,Vegetables,g,17263.6
2026-05-26,Egg,g,3392.8
2026-05-26,Cheese,g,5197.8
2026-05-26,Flour,g,13072.4
2026-05-27,Rice,g,30409.2
2026-05-27,Chicken,g,27341.7
2026-05-27,Spices,g,2883.4
2026-05-27,Oil,ml,8703.8
2026-05-27,Vegetables,g,16856.8
2026-05-27,Egg,g,3029.9
2026-05-27,Cheese,g,4965.4
2026-05-27,Flour,g,14115.5
2026-05-28,Rice,g,35410.4
2026-05-28,Chicken,g,36581.7
2026-05-28,Spices,g,3588.0
2026-05-28,Oil,ml,11203.4
2026-05-28,Vegetables,g,18821.1
2026-05-28,Egg,g,2681.7
2026-05-28,Cheese,g,6659.9
2026-05-28,Flour,g,17748.1
2026-05-29,Rice,g,36800.2
2026-05-29,Chicken,g,43767.0
2026-05-29,Spices,g,4150.0
2026-05-29,Oil,ml,13822.9
2026-05-29,Vegetables,g,22291.1
2026-05-29,Egg,g,3458.5
2026-05-29,Cheese,g,8300.6
2026-05-29,Flour,g,23066.1
2026-05-30,Rice,g,39418.6
2026-05-30,Chicken,g,44826.3
2026-05-30,Spices,g,4224.3
2026-05-30,Oil,ml,12933.0
2026-05-30,Vegetables,g,22499.4
2026-05-30,Egg,g,2774.6
2026-05-30,Cheese,g,8398.2
2026-05-30,Flour,g,23639.4
2026-05-31,Rice,g,47649.4
2026-05-31,Chicken,g,53873.2
2026-05-31,Spices,g,4593.8
2026-05-31,Oil,ml,13423.5
2026-05-31,Vegetables,g,27905.7
2026-05-31,Egg,g,2966.3
2026-05-31,Cheese,g,12931.7
2026-05-31,Flour,g,31389.6
2026-06-01,Rice,g,34399.6
2026-06-01,Chicken,g,35073.4
2026-06-01,Spices,g,3332.0
2026-06-01,Oil,ml,10148.5
2026-06-01,Vegetables,g,18007.7
2026-06-01,Egg,g,2626.4
2026-06-01,Cheese,g,5530.0
2026-06-01,Flour,g,15932.3
2026-06-02,Rice,g,30035.5
2026-06-02,Chicken,g,29400.4
2026-06-02,Spices,g,3000.5
2026-06-02,Oil,ml,8917.9
2026-06-02,Vegetables,g,15430.5
2026-06-02,Egg,g,2501.9
2026-06-02,Cheese,g,3990.8
2026-06-02,Flour,g,11730.3
2026-06-03,Rice,g,33133.8
2026-06-03,Chicken,g,36569.1
2026-06-03,Spices,g,3453.3
2026-06-03,Oil,ml,11009.8
2026-06-03,Vegetables,g,18328.4
2026-06-03,Egg,g,2618.1
2026-06-03,Cheese,g,6160.5
2026-06-03,Flour,g,17054.5
2026-06-04,Rice,g,40848.1
2026-06-04,Chicken,g,39943.6
2026-06-04,Spices,g,3952.4
2026-06-04,Oil,ml,11758.5
2026-06-04,Vegetables,g,21255.2
2026-06-04,Egg,g,3314.1
2026-06-04,Cheese,g,6355.5
2026-06-04,Flour,g,17606.4
2026-06-05,Rice,g,45653.2
2026-06-05,Chicken,g,48117.3
2026-06-05,Spices,g,4717.9
2026-06-05,Oil,ml,14656.4
2026-06-05,Vegetables,g,24325.9
2026-06-05,Egg,g,4032.3
2026-06-05,Cheese,g,7698.7
2026-06-05,Flour,g,20088.3
2026-06-06,Rice,g,45233.3
2026-06-06,Chicken,g,63637.8
2026-06-06,Spices,g,5332.5
2026-06-06,Oil,ml,17650.4
2026-06-06,Vegetables,g,27395.0
2026-06-06,Egg,g,3018.1
2026-06-06,Cheese,g,11372.0
2026-06-06,Flour,g,30988.1
2026-06-07,Rice,g,54968.3
2026-06-07,Chicken,g,53148.2
2026-06-07,Spices,g,4758.1
2026-06-07,Oil,ml,13287.1
2026-06-07,Vegetables,g,28520.6
2026-06-07,Egg,g,3860.8
2026-06-07,Cheese,g,10788.9
2026-06-07,Flour,g,25641.1
2026-06-08,Rice,g,36159.2
2026-06-08,Chicken,g,34206.2
2026-06-08,Spices,g,3628.3
2026-06-08,Oil,ml,10682.3
2026-06-08,Vegetables,g,19477.0
2026-06-08,Egg,g,3255.5
2026-06-08,Cheese,g,5415.3
2026-06-08,Flour,g,15496.0
2026-06-09,Rice,g,28707.0
2026-06-09,Chicken,g,33306.6
2026-06-09,Spices,g,3039.2
2026-06-09,Oil,ml,8989.7
2026-06-09,Vegetables,g,14562.2
2026-06-09,Egg,g,1743.8
2026-06-09,Cheese,g,4694.1
2026-06-09,Flour,g,13306.5
2026-06-10,Rice,g,38028.7
2026-06-10,Chicken,g,38185.4
2026-06-10,Spices,g,3930.4
2026-06-10,Oil,ml,12085.6
2026-06-10,Vegetables,g,20771.5
2026-06-10,Egg,g,3454.9
2026-06-10,Cheese,g,6320.5
2026-06-10,Flour,g,17502.0
2026-06-11,Rice,g,41407.8
2026-06-11,Chicken,g,35373.7
2026-06-11,Spices,g,3830.6
2026-06-11,Oil,ml,11619.6
2026-06-11,Vegetables,g,23120.7
2026-06-11,Egg,g,4275.1
2026-06-11,Cheese,g,7264.8
2026-06-11,Flour,g,19230.2
2026-06-12,Rice,g,49147.6
2026-06-12,Chicken,g,52165.7
2026-06-12,Spices,g,4869.8
2026-06-12,Oil,ml,14365.9
2026-06-12,Vegetables,g,25181.8
2026-06-12,Egg,g,3378.8
2026-06-12,Cheese,g,8548.5
2026-06-12,Flour,g,21788.5
2026-06-13,Rice,g,53328.5
2026-06-13,Chicken,g,50121.0
2026-06-13,Spices,g,4625.9
2026-06-13,Oil,ml,13093.7
2026-06-13,Vegetables,g,28892.4
2026-06-13,Egg,g,4501.1
2026-06-13,Cheese,g,9068.4
2026-06-13,Flour,g,23675.1
2026-06-14,Rice,g,48292.2
2026-06-14,Chicken,g,46906.4
2026-06-14,Spices,g,4635.9
2026-06-14,Oil,ml,14515.8
2026-06-14,Vegetables,g,28203.4
2026-06-14,Egg,g,4484.4
2026-06-14,Cheese,g,10976.9
2026-06-14,Flour,g,26664.6
2026-06-15,Rice,g,29108.8
2026-06-15,Chicken,g,30988.8
2026-06-15,Spices,g,3047.9
2026-06-15,Oil,ml,10083.1
2026-06-15,Vegetables,g,18319.5
2026-06-15,Egg,g,2814.1
2026-06-15,Cheese,g,7073.3
2026-06-15,Flour,g,18884.8
2026-06-16,Rice,g,26184.2
2026-06-16,Chicken,g,30285.8
2026-06-16,Spices,g,2956.4
2026-06-16,Oil,ml,9880.2
2026-06-16,Vegetables,g,15230.9
2026-06-16,Egg,g,2518.2
2026-06-16,Cheese,g,5169.1
2026-06-16,Flour,g,14745.3
2026-06-17,Rice,g,33645.0
2026-06-17,Chicken,g,34449.7
2026-06-17,Spices,g,3424.4
2026-06-17,Oil,ml,10321.8
2026-06-17,Vegetables,g,18120.1
2026-06-17,Egg,g,2819.2
2026-06-17,Cheese,g,5727.3
2026-06-17,Flour,g,16084.0
2026-06-18,Rice,g,38089.8
2026-06-18,Chicken,g,37326.9
2026-06-18,Spices,g,3677.3
2026-06-18,Oil,ml,11599.2
2026-06-18,Vegetables,g,20782.4
2026-06-18,Egg,g,3470.1
2026-06-18,Cheese,g,5807.4
2026-06-18,Flour,g,16650.7
2026-06-19,Rice,g,41207.0
2026-06-19,Chicken,g,43581.9
2026-06-19,Spices,g,4192.2
2026-06-19,Oil,ml,12814.6
2026-06-19,Vegetables,g,23353.2
2026-06-19,Egg,g,3381.5
2026-06-19,Cheese,g,8570.5
2026-06-19,Flour,g,22389.3
2026-06-20,Rice,g,46331.4
2026-06-20,Chicken,g,54857.4
2026-06-20,Spices,g,4929.0
2026-06-20,Oil,ml,15680.3
2026-06-20,Vegetables,g,28167.9
2026-06-20,Egg,g,3774.0
2026-06-20,Cheese,g,11666.5
2026-06-20,Flour,g,30800.7
2026-06-21,Rice,g,42560.3
2026-06-21,Chicken,g,51113.3
2026-06-21,Spices,g,4660.2
2026-06-21,Oil,ml,14452.9
2026-06-21,Vegetables,g,23545.6
2026-06-21,Egg,g,2614.9
2026-06-21,Cheese,g,9143.8
2026-06-21,Flour,g,24513.3
2026-06-22,Rice,g,28853.5
2026-06-22,Chicken,g,25514.2
2026-06-22,Spices,g,2498.5
2026-06-22,Oil,ml,7610.2
2026-06-22,Vegetables,g,18546.4
2026-06-22,Egg,g,3356.3
2026-06-22,Cheese,g,6804.6
2026-06-22,Flour,g,17282.4
2026-06-23,Rice,g,31776.3
2026-06-23,Chicken,g,28776.1
2026-06-23,Spices,g,2845.8
2026-06-23,Oil,ml,8923.9
2026-06-23,Vegetables,g,17048.5
2026-06-23,Egg,g,3014.2
2026-06-23,Cheese,g,5536.5
2026-06-23,Flour,g,14131.1
2026-06-24,Rice,g,35648.0
2026-06-24,Chicken,g,36057.6
2026-06-24,Spices,g,3564.0
2026-06-24,Oil,ml,10894.7
2026-06-24,Vegetables,g,19518.2
2026-06-24,Egg,g,3330.8
2026-06-24,Cheese,g,5389.6
2026-06-24,Flour,g,16352.1
2026-06-25,Rice,g,36053.8
2026-06-25,Chicken,g,43083.2
2026-06-25,Spices,g,4100.8
2026-06-25,Oil,ml,13722.0
2026-06-25,Vegetables,g,21740.8
2026-06-25,Egg,g,3234.3
2026-06-25,Cheese,g,8067.9
2026-06-25,Flour,g,22711.3
2026-06-26,Rice,g,52304.4
2026-06-26,Chicken,g,53700.3
2026-06-26,Spices,g,5092.2
2026-06-26,Oil,ml,15953.4
2026-06-26,Vegetables,g,27716.6
2026-06-26,Egg,g,4421.1
2026-06-26,Cheese,g,9505.8
2026-06-26,Flour,g,25185.5
2026-06-27,Rice,g,44338.3
2026-06-27,Chicken,g,48298.6
2026-06-27,Spices,g,4372.8
2026-06-27,Oil,ml,13636.1
2026-06-27,Vegetables,g,26345.2
2026-06-27,Egg,g,4130.8
2026-06-27,Cheese,g,9736.0
2026-06-27,Flour,g,25814.2
2026-06-28,Rice,g,49405.6
2026-06-28,Chicken,g,50575.0
2026-06-28,Spices,g,4559.5
2026-06-28,Oil,ml,12899.6
2026-06-28,Vegetables,g,26197.6
2026-06-28,Egg,g,3388.1
2026-06-28,Cheese,g,10092.0
2026-06-28,Flour,g,25992.0
2026-06-29,Rice,g,35569.9
2026-06-29,Chicken,g,29407.6
2026-06-29,Spices,g,3141.1
2026-06-29,Oil,ml,9323.8
2026-06-29,Vegetables,g,18253.9
2026-06-29,Egg,g,3638.1
2026-06-29,Cheese,g,4152.5
2026-06-29,Flour,g,11994.1
2026-06-30,Rice,g,30059.5
2026-06-30,Chicken,g,29309.2
2026-06-30,Spices,g,3000.8
2026-06-30,Oil,ml,9895.9
2026-06-30,Vegetables,g,17110.3
2026-06-30,Egg,g,2993.9
2026-06-30,Cheese,g,5543.9
2026-06-30,Flour,g,14849.2
2026-07-01,Rice,g,26273.2
2026-07-01,Chicken,g,26749.5
2026-07-01,Spices,g,2638.7
2026-07-01,Oil,ml,7920.2
2026-07-01,Vegetables,g,16331.1
2026-07-01,Egg,g,2126.7
2026-07-01,Cheese,g,7198.3
2026-07-01,Flour,g,17654.6
2026-07-02,Rice,g,34298.7
2026-07-02,Chicken,g,37105.3
2026-07-02,Spices,g,3433.0
2026-07-02,Oil,ml,10548.9
2026-07-02,Vegetables,g,19673.3
2026-07-02,Egg,g,2835.2
2026-07-02,Cheese,g,7445.7
2026-07-02,Flour,g,19042.2
2026-07-03,Rice,g,35524.8
2026-07-03,Chicken,g,45208.9
2026-07-03,Spices,g,3995.9
2026-07-03,Oil,ml,13233.5
2026-07-03,Vegetables,g,22811.3
2026-07-03,Egg,g,3147.1
2026-07-03,Cheese,g,8688.3
2026-07-03,Flour,g,24218.7
2026-07-04,Rice,g,50840.3
2026-07-04,Chicken,g,64605.9
2026-07-04,Spices,g,5782.4
2026-07-04,Oil,ml,18101.2
2026-07-04,Vegetables,g,28458.8
2026-07-04,Egg,g,3214.5
2026-07-04,Cheese,g,11895.7
2026-07-04,Flour,g,31015.8
2026-07-05,Rice,g,43735.0
2026-07-05,Chicken,g,47939.5
2026-07-05,Spices,g,4197.6
2026-07-05,Oil,ml,12591.5
2026-07-05,Vegetables,g,26544.7
2026-07-05,Egg,g,3616.9
2026-07-05,Cheese,g,10479.1
2026-07-05,Flour,g,26137.5
2026-07-06,Rice,g,34838.5
2026-07-06,Chicken,g,32364.5
2026-07-06,Spices,g,3252.9
2026-07-06,Oil,ml,9262.3
2026-07-06,Vegetables,g,17540.4
2026-07-06,Egg,g,2855.8
2026-07-06,Cheese,g,5387.8
2026-07-06,Flour,g,14354.7
2026-07-07,Rice,g,30730.4
2026-07-07,Chicken,g,31551.0
2026-07-07,Spices,g,2945.6
2026-07-07,Oil,ml,8870.0
2026-07-07,Vegetables,g,18131.9
2026-07-07,Egg,g,2740.0
2026-07-07,Cheese,g,6781.5
2026-07-07,Flour,g,17410.3
2026-07-08,Rice,g,36236.2
2026-07-08,Chicken,g,37107.1
2026-07-08,Spices,g,3680.1
2026-07-08,Oil,ml,10953.6
2026-07-08,Vegetables,g,18362.2
2026-07-08,Egg,g,2874.4
2026-07-08,Cheese,g,5254.8
2026-07-08,Flour,g,14674.6
2026-07-09,Rice,g,31498.2
2026-07-09,Chicken,g,30978.5
2026-07-09,Spices,g,3074.0
2026-07-09,Oil,ml,9632.7
2026-07-09,Vegetables,g,18200.3
2026-07-09,Egg,g,3218.4
2026-07-09,Cheese,g,5849.3
2026-07-09,Flour,g,16610.9
2026-07-10,Rice,g,43837.6
2026-07-10,Chicken,g,45937.8
2026-07-10,Spices,g,4154.0
2026-07-10,Oil,ml,12128.4
2026-07-10,Vegetables,g,24107.4
2026-07-10,Egg,g,3211.8
2026-07-10,Cheese,g,9334.5
2026-07-10,Flour,g,22952.4
2026-07-11,Rice,g,39789.5
2026-07-11,Chicken,g,45756.8
2026-07-11,Spices,g,4012.7
2026-07-11,Oil,ml,12721.5
2026-07-11,Vegetables,g,24808.8
2026-07-11,Egg,g,3050.8
2026-07-11,Cheese,g,11393.8
2026-07-11,Flour,g,28002.6
2026-07-12,Rice,g,45220.4
2026-07-12,Chicken,g,55368.2
2026-07-12,Spices,g,5034.4
2026-07-12,Oil,ml,14560.8
2026-07-12,Vegetables,g,25739.4
2026-07-12,Egg,g,2409.1
2026-07-12,Cheese,g,10973.7
2026-07-12,Flour,g,28536.5
2026-07-13,Rice,g,35503.1
2026-07-13,Chicken,g,34034.7
2026-07-13,Spices,g,3350.9
2026-07-13,Oil,ml,9025.2
2026-07-13,Vegetables,g,17171.3
2026-07-13,Egg,g,2114.6
2026-07-13,Cheese,g,5857.8
2026-07-13,Flour,g,14517.1
2026-07-14,Rice,g,32093.4
2026-07-14,Chicken,g,29786.9
2026-07-14,Spices,g,3065.7
2026-07-14,Oil,ml,8587.8
2026-07-14,Vegetables,g,17233.3
2026-07-14,Egg,g,2535.6
2026-07-14,Cheese,g,5314.2
2026-07-14,Flour,g,14469.9
2026-07-15,Rice,g,40042.8
2026-07-15,Chicken,g,34061.1
2026-07-15,Spices,g,3652.3
2026-07-15,Oil,ml,10219.1
2026-07-15,Vegetables,g,20305.9
2026-07-15,Egg,g,3555.6
2026-07-15,Cheese,g,5087.8
2026-07-15,Flour,g,14541.4
2026-07-16,Rice,g,32433.6
2026-07-16,Chicken,g,37768.0
2026-07-16,Spices,g,3647.6
2026-07-16,Oil,ml,11864.8
2026-07-16,Vegetables,g,18837.8
2026-07-16,Egg,g,2754.4
2026-07-16,Cheese,g,6716.1
2026-07-16,Flour,g,18916.9
2026-07-17,Rice,g,42041.2
2026-07-17,Chicken,g,45055.5
2026-07-17,Spices,g,4235.5
2026-07-17,Oil,ml,12814.3
2026-07-17,Vegetables,g,23513.0
2026-07-17,Egg,g,3166.9
2026-07-17,Cheese,g,9858.0
2026-07-17,Flour,g,22649.4
2026-07-18,Rice,g,54374.1
2026-07-18,Chicken,g,60521.7
2026-07-18,Spices,g,5425.7
2026-07-18,Oil,ml,16489.0
2026-07-18,Vegetables,g,30765.7
2026-07-18,Egg,g,4083.4
2026-07-18,Cheese,g,11801.3
2026-07-18,Flour,g,30792.2
2026-07-19,Rice,g,50289.3
2026-07-19,Chicken,g,55497.6
2026-07-19,Spices,g,5062.9
2026-07-19,Oil,ml,14213.3
2026-07-19,Vegetables,g,25681.6
2026-07-19,Egg,g,3120.7
2026-07-19,Cheese,g,8027.7
2026-07-19,Flour,g,22951.1
2026-07-20,Rice,g,31543.8
2026-07-20,Chicken,g,30775.1
2026-07-20,Spices,g,3123.4
2026-07-20,Oil,ml,9683.4
2026-07-20,Vegetables,g,17394.9
2026-07-20,Egg,g,3013.9
2026-07-20,Cheese,g,4676.2
2026-07-20,Flour,g,13728.4
2026-07-21,Rice,g,26829.0
2026-07-21,Chicken,g,35478.5
2026-07-21,Spices,g,3377.0
2026-07-21,Oil,ml,11265.1
2026-07-21,Vegetables,g,15839.5
2026-07-21,Egg,g,2289.8
2026-07-21,Cheese,g,5788.6
2026-07-21,Flour,g,16132.6
2026-07-22,Rice,g,37226.0
2026-07-22,Chicken,g,34616.6
2026-07-22,Spices,g,3489.5
2026-07-22,Oil,ml,10055.9
2026-07-22,Vegetables,g,20638.5
2026-07-22,Egg,g,3110.1
2026-07-22,Cheese,g,7537.3
2026-07-22,Flour,g,18454.3
2026-07-23,Rice,g,38740.6
2026-07-23,Chicken,g,42999.6
2026-07-23,Spices,g,4103.7
2026-07-23,Oil,ml,12248.2
2026-07-23,Vegetables,g,21279.4
2026-07-23,Egg,g,2969.3
2026-07-23,Cheese,g,6636.2
2026-07-23,Flour,g,19165.0
2026-07-24,Rice,g,43741.9
2026-07-24,Chicken,g,47914.5
2026-07-24,Spices,g,4521.3
2026-07-24,Oil,ml,14228.9
2026-07-24,Vegetables,g,23280.2
2026-07-24,Egg,g,3558.5
2026-07-24,Cheese,g,7507.0
2026-07-24,Flour,g,20863.7
2026-07-25,Rice,g,52313.7
2026-07-25,Chicken,g,59269.9
2026-07-25,Spices,g,5284.1
2026-07-25,Oil,ml,16053.1
2026-07-25,Vegetables,g,29563.2
2026-07-25,Egg,g,3625.0
2026-07-25,Cheese,g,11764.7
2026-07-25,Flour,g,30105.3
2026-07-26,Rice,g,44442.1
2026-07-26,Chicken,g,50039.5
2026-07-26,Spices,g,4530.2
2026-07-26,Oil,ml,13035.0
2026-07-26,Vegetables,g,24579.2
2026-07-26,Egg,g,2601.6
2026-07-26,Cheese,g,10099.0
2026-07-26,Flour,g,25894.7
2026-07-27,Rice,g,25936.1
2026-07-27,Chicken,g,32071.4
2026-07-27,Spices,g,2819.7
2026-07-27,Oil,ml,9260.4
2026-07-27,Vegetables,g,17531.5
2026-07-27,Egg,g,2275.7
2026-07-27,Cheese,g,8826.2
2026-07-27,Flour,g,20432.0
2026-07-28,Rice,g,31918.1
2026-07-28,Chicken,g,30869.3
2026-07-28,Spices,g,3006.1
2026-07-28,Oil,ml,8961.9
2026-07-28,Vegetables,g,17136.1
2026-07-28,Egg,g,2909.4
2026-07-28,Cheese,g,4725.5
2026-07-28,Flour,g,13536.1
2026-07-29,Rice,g,31809.2
2026-07-29,Chicken,g,31637.3
2026-07-29,Spices,g,3240.2
2026-07-29,Oil,ml,9607.3
2026-07-29,Vegetables,g,17115.3
2026-07-29,Egg,g,2689.0
2026-07-29,Cheese,g,4986.3
2026-07-29,Flour,g,13974.0
2026-07-30,Rice,g,33874.8
2026-07-30,Chicken,g,37840.3
2026-07-30,Spices,g,3707.1
2026-07-30,Oil,ml,12193.2
2026-07-30,Vegetables,g,19543.8
2026-07-30,Egg,g,3051.0
2026-07-30,Cheese,g,7285.3
2026-07-30,Flour,g,19728.5
2026-07-31,Rice,g,39730.8
2026-07-31,Chicken,g,46759.4
2026-07-31,Spices,g,4378.2
2026-07-31,Oil,ml,14150.8
2026-07-31,Vegetables,g,23613.8
2026-07-31,Egg,g,3088.5
2026-07-31,Cheese,g,9463.5
2026-07-31,Flour,g,24079.1
2026-08-01,Rice,g,50718.6
2026-08-01,Chicken,g,57358.9
2026-08-01,Spices,g,5340.8
2026-08-01,Oil,ml,16166.8
2026-08-01,Vegetables,g,29295.2
2026-08-01,Egg,g,3811.9
2026-08-01,Cheese,g,12381.0
2026-08-01,Flour,g,29612.5
2026-08-02,Rice,g,44044.1
2026-08-02,Chicken,g,46438.9
2026-08-02,Spices,g,4382.3
2026-08-02,Oil,ml,12801.0
2026-08-02,Vegetables,g,25272.7
2026-08-02,Egg,g,3539.9
2026-08-02,Cheese,g,10233.9
2026-08-02,Flour,g,24795.7
2026-08-03,Rice,g,34248.5
2026-08-03,Chicken,g,36757.3
2026-08-03,Spices,g,3648.6
2026-08-03,Oil,ml,11894.0
2026-08-03,Vegetables,g,19301.5
2026-08-03,Egg,g,2885.1
2026-08-03,Cheese,g,6695.8
2026-08-03,Flour,g,18216.8
2026-08-04,Rice,g,36947.3
2026-08-04,Chicken,g,38391.6
2026-08-04,Spices,g,3798.1
2026-08-04,Oil,ml,11005.1
2026-08-04,Vegetables,g,19614.4
2026-08-04,Egg,g,2596.8
2026-08-04,Cheese,g,6732.8
2026-08-04,Flour,g,17334.8
2026-08-05,Rice,g,35887.1
2026-08-05,Chicken,g,31603.6
2026-08-05,Spices,g,3297.1
2026-08-05,Oil,ml,9643.7
2026-08-05,Vegetables,g,18305.3
2026-08-05,Egg,g,3163.9
2026-08-05,Cheese,g,5299.9
2026-08-05,Flour,g,14680.1
2026-08-06,Rice,g,31839.8
2026-08-06,Chicken,g,32942.4
2026-08-06,Spices,g,3249.7
2026-08-06,Oil,ml,9597.5
2026-08-06,Vegetables,g,16711.0
2026-08-06,Egg,g,2562.1
2026-08-06,Cheese,g,5182.4
2026-08-06,Flour,g,14783.1
2026-08-07,Rice,g,39897.4
2026-08-07,Chicken,g,43792.5
2026-08-07,Spices,g,3916.0
2026-08-07,Oil,ml,12826.2
2026-08-07,Vegetables,g,25391.5
2026-08-07,Egg,g,3537.2
2026-08-07,Cheese,g,10985.1
2026-08-07,Flour,g,27275.9
2026-08-08,Rice,g,39759.5
2026-08-08,Chicken,g,46470.8
2026-08-08,Spices,g,4362.0
2026-08-08,Oil,ml,14035.7
2026-08-08,Vegetables,g,23061.4
2026-08-08,Egg,g,3287.0
2026-08-08,Cheese,g,9414.9
2026-08-08,Flour,g,23597.5
2026-08-09,Rice,g,45334.5
2026-08-09,Chicken,g,49946.0
2026-08-09,Spices,g,4405.7
2026-08-09,Oil,ml,13105.2
2026-08-09,Vegetables,g,25258.4
2026-08-09,Egg,g,3391.5
2026-08-09,Cheese,g,9137.5
2026-08-09,Flour,g,24470.2
2026-08-10,Rice,g,34750.7
2026-08-10,Chicken,g,38800.3
2026-08-10,Spices,g,3649.6
2026-08-10,Oil,ml,11272.3
2026-08-10,Vegetables,g,19177.5
2026-08-10,Egg,g,2721.3
2026-08-10,Cheese,g,5903.2
2026-08-10,Flour,g,17396.4
2026-08-11,Rice,g,29986.5
2026-08-11,Chicken,g,33405.7
2026-08-11,Spices,g,3154.2
2026-08-11,Oil,ml,9609.5
2026-08-11,Vegetables,g,14954.2
2026-08-11,Egg,g,2146.1
2026-08-11,Cheese,g,4916.0
2026-08-11,Flour,g,13337.6
2026-08-12,Rice,g,32754.3
2026-08-12,Chicken,g,37840.2
2026-08-12,Spices,g,3744.9
2026-08-12,Oil,ml,12541.0
2026-08-12,Vegetables,g,19334.0
2026-08-12,Egg,g,3323.9
2026-08-12,Cheese,g,6468.4
2026-08-12,Flour,g,17965.7
2026-08-13,Rice,g,29749.0
2026-08-13,Chicken,g,31762.0
2026-08-13,Spices,g,3120.4
2026-08-13,Oil,ml,10195.4
2026-08-13,Vegetables,g,18405.6
2026-08-13,Egg,g,2969.4
2026-08-13,Cheese,g,7205.5
2026-08-13,Flour,g,18742.4
2026-08-14,Rice,g,46900.4
2026-08-14,Chicken,g,49909.4
2026-08-14,Spices,g,5026.4
2026-08-14,Oil,ml,15671.3
2026-08-14,Vegetables,g,25576.7
2026-08-14,Egg,g,3509.6
2026-08-14,Cheese,g,9900.6
2026-08-14,Flour,g,25451.0
2026-08-15,Rice,g,61602.4
2026-08-15,Chicken,g,71540.1
2026-08-15,Spices,g,6321.9
2026-08-15,Oil,ml,19724.4
2026-08-15,Vegetables,g,34535.5
2026-08-15,Egg,g,4840.1
2026-08-15,Cheese,g,12768.1
2026-08-15,Flour,g,34388.6
2026-08-16,Rice,g,48113.3
2026-08-16,Chicken,g,55054.2
2026-08-16,Spices,g,5006.4
2026-08-16,Oil,ml,15003.7
2026-08-16,Vegetables,g,26182.2
2026-08-16,Egg,g,3382.9
2026-08-16,Cheese,g,10672.0
2026-08-16,Flour,g,25220.3
2026-08-17,Rice,g,28559.8
2026-08-17,Chicken,g,31650.1
2026-08-17,Spices,g,2926.5
2026-08-17,Oil,ml,8500.4
2026-08-17,Vegetables,g,15105.3
2026-08-17,Egg,g,2021.8
2026-08-17,Cheese,g,4927.3
2026-08-17,Flour,g,13053.6
2026-08-18,Rice,g,25052.3
2026-08-18,Chicken,g,28534.4
2026-08-18,Spices,g,2920.7
2026-08-18,Oil,ml,9209.0
2026-08-18,Vegetables,g,16599.0
2026-08-18,Egg,g,2371.2
2026-08-18,Cheese,g,6040.3
2026-08-18,Flour,g,17251.2
2026-08-19,Rice,g,34769.4
2026-08-19,Chicken,g,36702.3
2026-08-19,Spices,g,3533.4
2026-08-19,Oil,ml,10163.5
2026-08-19,Vegetables,g,18450.6
2026-08-19,Egg,g,2552.9
2026-08-19,Cheese,g,6491.0
2026-08-19,Flour,g,17641.7
2026-08-20,Rice,g,36005.7
2026-08-20,Chicken,g,41124.0
2026-08-20,Spices,g,3833.5
2026-08-20,Oil,ml,11288.9
2026-08-20,Vegetables,g,18914.2
2026-08-20,Egg,g,2105.9
2026-08-20,Cheese,g,6815.8
2026-08-20,Flour,g,18491.3
2026-08-21,Rice,g,38779.0
2026-08-21,Chicken,g,45695.9
2026-08-21,Spices,g,4132.7
2026-08-21,Oil,ml,12723.1
2026-08-21,Vegetables,g,21928.5
2026-08-21,Egg,g,2652.0
2026-08-21,Cheese,g,8860.3
2026-08-21,Flour,g,22583.7
2026-08-22,Rice,g,44105.5
2026-08-22,Chicken,g,54784.7
2026-08-22,Spices,g,4883.3
2026-08-22,Oil,ml,15511.1
2026-08-22,Vegetables,g,24255.8
2026-08-22,Egg,g,2603.5
2026-08-22,Cheese,g,9402.5
2026-08-22,Flour,g,25869.2
2026-08-23,Rice,g,42039.6
2026-08-23,Chicken,g,52257.4
2026-08-23,Spices,g,4552.5
2026-08-23,Oil,ml,14523.1
2026-08-23,Vegetables,g,23670.6
2026-08-23,Egg,g,2923.7
2026-08-23,Cheese,g,10263.9
2026-08-23,Flour,g,25485.5
2026-08-24,Rice,g,34472.4
2026-08-24,Chicken,g,30775.7
2026-08-24,Spices,g,3047.1
2026-08-24,Oil,ml,8889.6
2026-08-24,Vegetables,g,18682.4
2026-08-24,Egg,g,3011.1
2026-08-24,Cheese,g,5928.3
2026-08-24,Flour,g,15491.1
2026-08-25,Rice,g,36246.3
2026-08-25,Chicken,g,35710.4
2026-08-25,Spices,g,3383.1
2026-08-25,Oil,ml,10174.4
2026-08-25,Vegetables,g,21185.0
2026-08-25,Egg,g,3440.6
2026-08-25,Cheese,g,7511.6
2026-08-25,Flour,g,19514.7
2026-08-26,Rice,g,45209.4
2026-08-26,Chicken,g,44066.4
2026-08-26,Spices,g,4376.2
2026-08-26,Oil,ml,13550.0
2026-08-26,Vegetables,g,24840.7
2026-08-26,Egg,g,4629.7
2026-08-26,Cheese,g,6738.9
2026-08-26,Flour,g,19334.9
2026-08-27,Rice,g,39161.2
2026-08-27,Chicken,g,42841.2
2026-08-27,Spices,g,4297.2
2026-08-27,Oil,ml,12908.6
2026-08-27,Vegetables,g,21207.1
2026-08-27,Egg,g,3145.7
2026-08-27,Cheese,g,7150.1
2026-08-27,Flour,g,18881.8
2026-08-28,Rice,g,41352.8
2026-08-28,Chicken,g,46594.1
2026-08-28,Spices,g,4205.5
2026-08-28,Oil,ml,13290.9
2026-08-28,Vegetables,g,23403.8
2026-08-28,Egg,g,3446.9
2026-08-28,Cheese,g,9322.9
2026-08-28,Flour,g,23659.8
2026-08-29,Rice,g,43471.5
2026-08-29,Chicken,g,48446.9
2026-08-29,Spices,g,4645.9
2026-08-29,Oil,ml,14459.5
2026-08-29,Vegetables,g,25397.3
2026-08-29,Egg,g,3796.6
2026-08-29,Cheese,g,9763.6
2026-08-29,Flour,g,24711.9
2026-08-30,Rice,g,38315.5
2026-08-30,Chicken,g,43949.0
2026-08-30,Spices,g,3885.7
2026-08-30,Oil,ml,12294.9
2026-08-30,Vegetables,g,23123.2
2026-08-30,Egg,g,2651.6
2026-08-30,Cheese,g,10499.1
2026-08-30,Flour,g,26305.0
2026-08-31,Rice,g,31226.4
2026-08-31,Chicken,g,30289.7
2026-08-31,Spices,g,3098.3
2026-08-31,Oil,ml,9364.6
2026-08-31,Vegetables,g,17688.4
2026-08-31,Egg,g,2876.2
2026-08-31,Cheese,g,5609.9
2026-08-31,Flour,g,15604.6
